receive_time,data_time,data_value,raw_value,data_quality
2024-09-19 19:44:20,2024-09-19 19:44:11,3.63090000,1.78090000,A
2024-09-19 19:50:20,2024-09-19 19:50:11,3.71280000,1.86280000,A
2024-09-19 19:56:20,2024-09-19 19:56:11,3.79870000,1.94870000,A
2024-09-19 20:02:20,2024-09-19 20:02:11,3.88060000,2.03060000,A
2024-09-19 20:08:20,2024-09-19 20:08:11,3.97890000,2.12890000,A
2024-09-19 20:14:20,2024-09-19 20:14:11,4.07710000,2.22710000,A
2024-09-19 20:20:20,2024-09-19 20:20:11,4.17540000,2.32540000,A
2024-09-19 20:26:20,2024-09-19 20:26:11,4.28180000,2.43180000,A
2024-09-19 20:32:20,2024-09-19 20:32:11,4.37190000,2.52190000,A
2024-09-19 20:38:20,2024-09-19 20:38:11,4.47830000,2.62830000,A
2024-09-19 20:44:20,2024-09-19 20:44:11,4.58070000,2.73070000,A
2024-09-19 20:50:20,2024-09-19 20:50:11,4.68300000,2.83300000,A
2024-09-19 20:56:20,2024-09-19 20:56:11,4.76900000,2.91900000,A
2024-09-19 21:02:20,2024-09-19 21:02:11,4.86320000,3.01320000,A
2024-09-19 21:08:20,2024-09-19 21:08:11,4.95330000,3.10330000,A
2024-09-19 21:14:20,2024-09-19 21:14:11,5.03510000,3.18510000,A
2024-09-19 21:20:20,2024-09-19 21:20:11,5.11700000,3.26700000,A
2024-09-19 21:26:20,2024-09-19 21:26:11,5.17840000,3.32840000,A
2024-09-19 21:32:20,2024-09-19 21:32:11,5.27260000,3.42260000,A
2024-09-19 21:38:20,2024-09-19 21:38:11,5.33810000,3.48810000,A
2024-09-19 21:44:20,2024-09-19 21:44:11,5.38310000,3.53310000,A
2024-09-19 21:50:20,2024-09-19 21:50:11,5.39130000,3.54130000,A
2024-09-19 21:56:20,2024-09-19 21:56:11,5.41590000,3.56590000,A
2024-09-19 22:02:20,2024-09-19 22:02:11,5.42410000,3.57410000,A
2024-09-19 22:08:20,2024-09-19 22:08:11,5.42410000,3.57410000,A
2024-09-19 22:14:20,2024-09-19 22:14:11,5.48140000,3.63140000,A
2024-09-19 22:20:20,2024-09-19 22:20:11,5.49370000,3.64370000,A
2024-09-19 22:26:20,2024-09-19 22:26:11,5.56330000,3.71330000,A
2024-09-19 22:32:20,2024-09-19 22:32:11,5.57550000,3.72550000,A
2024-09-19 22:38:20,2024-09-19 22:38:11,5.65740000,3.80740000,A
2024-09-19 22:44:20,2024-09-19 22:44:11,5.70250000,3.85250000,A
2024-09-19 22:50:20,2024-09-19 22:50:11,5.75980000,3.90980000,A
2024-09-19 22:56:20,2024-09-19 22:56:11,5.80070000,3.95070000,A
2024-09-19 23:02:20,2024-09-19 23:02:11,5.87030000,4.02030000,A
2024-09-19 23:08:20,2024-09-19 23:08:11,5.93580000,4.08580000,A
2024-09-19 23:14:20,2024-09-19 23:14:11,5.95630000,4.10630000,A
2024-09-19 23:20:20,2024-09-19 23:20:11,6.01360000,4.16360000,A
2024-09-19 23:26:20,2024-09-19 23:26:11,6.03410000,4.18410000,A
2024-09-19 23:32:20,2024-09-19 23:32:11,6.06270000,4.21270000,A
2024-09-19 23:38:20,2024-09-19 23:38:11,6.06270000,4.21270000,A
2024-09-19 23:44:20,2024-09-19 23:44:11,6.08320000,4.23320000,A
2024-09-19 23:50:20,2024-09-19 23:50:11,6.06270000,4.21270000,A
2024-09-19 23:56:20,2024-09-19 23:56:11,5.97270000,4.12270000,A
2024-09-20 00:02:20,2024-09-20 00:02:11,5.98900000,4.13900000,A
2024-09-20 00:08:20,2024-09-20 00:08:11,5.93990000,4.08990000,A
2024-09-20 00:14:20,2024-09-20 00:14:11,5.91120000,4.06120000,A
2024-09-20 00:20:20,2024-09-20 00:20:11,5.85800000,4.00800000,A
2024-09-20 00:26:20,2024-09-20 00:26:11,5.82940000,3.97940000,A
2024-09-20 00:32:20,2024-09-20 00:32:11,5.74340000,3.89340000,A
2024-09-20 00:38:20,2024-09-20 00:38:11,5.69020000,3.84020000,A
2024-09-20 00:44:20,2024-09-20 00:44:11,5.65740000,3.80740000,A
2024-09-20 00:50:20,2024-09-20 00:50:11,5.57140000,3.72140000,A
2024-09-20 00:56:20,2024-09-20 00:56:11,5.51000000,3.66000000,A
2024-09-20 01:02:20,2024-09-20 01:02:11,5.45270000,3.60270000,A
2024-09-20 01:08:20,2024-09-20 01:08:11,5.39950000,3.54950000,A
2024-09-20 01:14:20,2024-09-20 01:14:11,5.34220000,3.49220000,A
2024-09-20 01:20:20,2024-09-20 01:20:11,5.27260000,3.42260000,A
2024-09-20 01:26:20,2024-09-20 01:26:11,5.17840000,3.32840000,A
2024-09-20 01:32:20,2024-09-20 01:32:11,5.12930000,3.27930000,A
2024-09-20 01:38:20,2024-09-20 01:38:11,5.05150000,3.20150000,A
2024-09-20 01:44:20,2024-09-20 01:44:11,4.99830000,3.14830000,A
2024-09-20 01:50:20,2024-09-20 01:50:11,4.92050000,3.07050000,A
2024-09-20 01:56:20,2024-09-20 01:56:11,4.84270000,2.99270000,A
2024-09-20 02:02:20,2024-09-20 02:02:11,4.78130000,2.93130000,A
2024-09-20 02:08:20,2024-09-20 02:08:11,4.73220000,2.88220000,A
2024-09-20 02:14:20,2024-09-20 02:14:11,4.67490000,2.82490000,A
2024-09-20 02:20:20,2024-09-20 02:20:11,4.61350000,2.76340000,A
2024-09-20 02:26:20,2024-09-20 02:26:11,4.53570000,2.68570000,A
2024-09-20 02:32:20,2024-09-20 02:32:11,4.47430000,2.62430000,A
2024-09-20 02:38:20,2024-09-20 02:38:11,4.41280000,2.56280000,A
2024-09-20 02:44:20,2024-09-20 02:44:11,4.35960000,2.50960000,A
2024-09-20 02:50:20,2024-09-20 02:50:11,4.29410000,2.44410000,A
2024-09-20 02:56:20,2024-09-20 02:56:11,4.24910000,2.39910000,A
2024-09-20 03:02:20,2024-09-20 03:02:11,4.15080000,2.30080000,A
2024-09-20 03:08:20,2024-09-20 03:08:11,4.13450000,2.28450000,A
2024-09-20 03:14:20,2024-09-20 03:14:11,4.07710000,2.22710000,A
2024-09-20 03:20:20,2024-09-20 03:20:11,4.01160000,2.16160000,A
2024-09-20 03:26:20,2024-09-20 03:26:11,3.95840000,2.10840000,A
2024-09-20 03:32:20,2024-09-20 03:32:11,3.90110000,2.05110000,A
2024-09-20 03:38:20,2024-09-20 03:38:11,3.85200000,2.00200000,A
2024-09-20 03:44:20,2024-09-20 03:44:11,3.79870000,1.94870000,A
2024-09-20 03:50:20,2024-09-20 03:50:11,3.74960000,1.89960000,A
2024-09-20 03:56:20,2024-09-20 03:56:11,3.70050000,1.85050000,A
2024-09-20 04:02:20,2024-09-20 04:02:11,3.65550000,1.80550000,A
2024-09-20 04:08:20,2024-09-20 04:08:11,3.59810000,1.74810000,A
2024-09-20 04:14:20,2024-09-20 04:14:11,3.55310000,1.70310000,A
2024-09-20 04:20:20,2024-09-20 04:20:11,3.51220000,1.66220000,A
2024-09-20 04:26:20,2024-09-20 04:26:11,3.46300000,1.61300000,A
2024-09-20 04:32:20,2024-09-20 04:32:11,3.38120000,1.53120000,A
2024-09-20 04:38:20,2024-09-20 04:38:11,3.36070000,1.51070000,A
2024-09-20 04:44:20,2024-09-20 04:44:11,3.31970000,1.46970000,A
2024-09-20 04:50:20,2024-09-20 04:50:11,3.26650000,1.41650000,A
2024-09-20 04:56:20,2024-09-20 04:56:11,3.22150000,1.37150000,A
2024-09-20 05:02:20,2024-09-20 05:02:11,3.13960000,1.28960000,A
2024-09-20 05:08:20,2024-09-20 05:08:11,3.11500000,1.26500000,A
2024-09-20 05:14:20,2024-09-20 05:14:11,3.03320000,1.18320000,A
2024-09-20 05:20:20,2024-09-20 05:20:11,3.00450000,1.15450000,A
2024-09-20 05:26:20,2024-09-20 05:26:11,2.93900000,1.08900000,A
2024-09-20 05:32:20,2024-09-20 05:32:11,2.88990000,1.03990000,A
2024-09-20 05:38:20,2024-09-20 05:38:11,2.83260000,0.98260000,A
2024-09-20 05:44:20,2024-09-20 05:44:11,2.78340000,0.93340000,A
2024-09-20 05:50:20,2024-09-20 05:50:11,2.73840000,0.88840000,A
2024-09-20 05:56:20,2024-09-20 05:56:11,2.69340000,0.84340000,A
2024-09-20 06:02:20,2024-09-20 06:02:11,2.65240000,0.80240000,A
2024-09-20 06:08:20,2024-09-20 06:08:11,2.59510000,0.74510000,A
2024-09-20 06:14:20,2024-09-20 06:14:11,2.55010000,0.70010000,A
2024-09-20 06:20:20,2024-09-20 06:20:11,2.51320000,0.66320000,A
2024-09-20 06:26:20,2024-09-20 06:26:11,2.47230000,0.62230000,A
2024-09-20 06:32:20,2024-09-20 06:32:11,2.43950000,0.58950000,A
2024-09-20 06:38:20,2024-09-20 06:38:11,2.39860000,0.54860000,A
2024-09-20 06:44:20,2024-09-20 06:44:11,2.37400000,0.52400000,A
2024-09-20 06:50:20,2024-09-20 06:50:11,2.33720000,0.48720000,A
2024-09-20 06:56:20,2024-09-20 06:56:11,2.31260000,0.46260000,A
2024-09-20 07:02:20,2024-09-20 07:02:11,2.27580000,0.42580000,A
2024-09-20 07:08:20,2024-09-20 07:08:11,2.25530000,0.40530000,A
2024-09-20 07:14:20,2024-09-20 07:14:11,2.23480000,0.38480000,A
2024-09-20 07:20:20,2024-09-20 07:20:11,2.21850000,0.36850000,A
2024-09-20 07:26:20,2024-09-20 07:26:11,2.20210000,0.35210000,A
2024-09-20 07:32:20,2024-09-20 07:32:11,2.17750000,0.32750000,A
2024-09-20 07:38:20,2024-09-20 07:38:11,2.25530000,0.40530000,A
2024-09-20 07:44:20,2024-09-20 07:44:11,2.33720000,0.48720000,A
2024-09-20 07:50:20,2024-09-20 07:50:11,2.41090000,0.56090000,A
2024-09-20 07:56:20,2024-09-20 07:56:11,2.51320000,0.66320000,A
2024-09-20 08:02:20,2024-09-20 08:02:11,2.61970000,0.76970000,A
2024-09-20 08:08:20,2024-09-20 08:08:11,2.73430000,0.88430000,A
2024-09-20 08:14:20,2024-09-20 08:14:11,2.86530000,1.01530000,A
2024-09-20 08:20:20,2024-09-20 08:20:11,2.98400000,1.13400000,A
2024-09-20 08:26:20,2024-09-20 08:26:11,3.09870000,1.24870000,A
2024-09-20 08:32:20,2024-09-20 08:32:11,3.19690000,1.34690000,A
2024-09-20 08:38:20,2024-09-20 08:38:11,3.27060000,1.42060000,A
2024-09-20 08:44:20,2024-09-20 08:44:11,3.37710000,1.52710000,A
2024-09-20 08:50:20,2024-09-20 08:50:11,3.40980000,1.55980000,A
2024-09-20 08:56:20,2024-09-20 08:56:11,3.49990000,1.64990000,A
2024-09-20 09:02:20,2024-09-20 09:02:11,3.59810000,1.74810000,A
2024-09-20 09:08:20,2024-09-20 09:08:11,3.68410000,1.83410000,A
2024-09-20 09:14:20,2024-09-20 09:14:11,3.77010000,1.92010000,A
2024-09-20 09:20:20,2024-09-20 09:20:11,3.85200000,2.00200000,A
2024-09-20 09:26:20,2024-09-20 09:26:11,3.91750000,2.06750000,A
2024-09-20 09:32:20,2024-09-20 09:32:11,4.01160000,2.16160000,A
2024-09-20 09:38:20,2024-09-20 09:38:11,4.08940000,2.23940000,A
2024-09-20 09:44:20,2024-09-20 09:44:11,4.17540000,2.32540000,A
2024-09-20 09:50:20,2024-09-20 09:50:11,4.26140000,2.41140000,A
2024-09-20 09:56:20,2024-09-20 09:56:11,4.35140000,2.50140000,A
2024-09-20 10:02:20,2024-09-20 10:02:11,4.42920000,2.57920000,A
2024-09-20 10:08:20,2024-09-20 10:08:11,4.51110000,2.66110000,A
2024-09-20 10:14:20,2024-09-20 10:14:11,4.59300000,2.74300000,A
2024-09-20 10:20:20,2024-09-20 10:20:11,4.66260000,2.81260000,A
2024-09-20 10:26:20,2024-09-20 10:26:11,4.74040000,2.89040000,A
2024-09-20 10:32:20,2024-09-20 10:32:11,4.81410000,2.96410000,A
2024-09-20 10:38:20,2024-09-20 10:38:11,4.87960000,3.02960000,A
2024-09-20 10:44:20,2024-09-20 10:44:11,4.94100000,3.09100000,A
2024-09-20 10:50:20,2024-09-20 10:50:11,5.01060000,3.16060000,A
2024-09-20 10:56:20,2024-09-20 10:56:11,5.07610000,3.22610000,A
2024-09-20 11:02:20,2024-09-20 11:02:11,5.12520000,3.27520000,A
2024-09-20 11:08:20,2024-09-20 11:08:11,5.17840000,3.32840000,A
2024-09-20 11:14:20,2024-09-20 11:14:11,5.22350000,3.37350000,A
2024-09-20 11:20:20,2024-09-20 11:20:11,5.27260000,3.42260000,A
2024-09-20 11:26:20,2024-09-20 11:26:11,5.30120000,3.45120000,A
2024-09-20 11:32:20,2024-09-20 11:32:11,5.32990000,3.47990000,A
2024-09-20 11:38:20,2024-09-20 11:38:11,5.34220000,3.49220000,A
2024-09-20 11:44:20,2024-09-20 11:44:11,5.35450000,3.50450000,A
2024-09-20 11:50:20,2024-09-20 11:50:11,5.33400000,3.48400000,A
2024-09-20 11:56:20,2024-09-20 11:56:11,5.30530000,3.45530000,A
2024-09-20 12:02:20,2024-09-20 12:02:11,5.27260000,3.42260000,A
2024-09-20 12:08:20,2024-09-20 12:08:11,5.25620000,3.40620000,A
2024-09-20 12:14:20,2024-09-20 12:14:11,5.21120000,3.36120000,A
2024-09-20 12:20:20,2024-09-20 12:20:11,5.16200000,3.31200000,A
2024-09-20 12:26:20,2024-09-20 12:26:11,5.11700000,3.26700000,A
2024-09-20 12:32:20,2024-09-20 12:32:11,5.07610000,3.22610000,A
2024-09-20 12:38:20,2024-09-20 12:38:11,5.03100000,3.18100000,A
2024-09-20 12:44:20,2024-09-20 12:44:11,4.98190000,3.13190000,A
2024-09-20 12:50:20,2024-09-20 12:50:11,4.93280000,3.08280000,A
2024-09-20 12:56:20,2024-09-20 12:56:11,4.89180000,3.04180000,A
2024-09-20 13:02:20,2024-09-20 13:02:11,4.83040000,2.98040000,A
2024-09-20 13:08:20,2024-09-20 13:08:11,4.77720000,2.92720000,A
2024-09-20 13:14:20,2024-09-20 13:14:11,4.73220000,2.88220000,A
2024-09-20 13:20:20,2024-09-20 13:20:11,4.67490000,2.82490000,A
2024-09-20 13:26:20,2024-09-20 13:26:11,4.61350000,2.76340000,A
2024-09-20 13:32:20,2024-09-20 13:32:11,4.56020000,2.71020000,A
2024-09-20 13:38:20,2024-09-20 13:38:11,4.51110000,2.66110000,A
2024-09-20 13:44:20,2024-09-20 13:44:11,4.46200000,2.61200000,A
2024-09-20 13:50:20,2024-09-20 13:50:11,4.40060000,2.55060000,A
2024-09-20 13:56:20,2024-09-20 13:56:11,4.33920000,2.48920000,A
2024-09-20 14:02:20,2024-09-20 14:02:11,4.27770000,2.42770000,A
2024-09-20 14:08:20,2024-09-20 14:08:11,4.23270000,2.38270000,A
2024-09-20 14:14:20,2024-09-20 14:14:11,4.17130000,2.32130000,A
2024-09-20 14:20:20,2024-09-20 14:20:11,4.10990000,2.25990000,A
2024-09-20 14:26:20,2024-09-20 14:26:11,4.05670000,2.20670000,A
2024-09-20 14:32:20,2024-09-20 14:32:11,4.01160000,2.16160000,A
2024-09-20 14:38:20,2024-09-20 14:38:11,3.95840000,2.10840000,A
2024-09-20 14:44:20,2024-09-20 14:44:11,3.89290000,2.04290000,A
2024-09-20 14:50:20,2024-09-20 14:50:11,3.85200000,2.00200000,A
2024-09-20 14:56:20,2024-09-20 14:56:11,3.79470000,1.94460000,A
2024-09-20 15:02:20,2024-09-20 15:02:11,3.74960000,1.89960000,A
2024-09-20 15:08:20,2024-09-20 15:08:11,3.69640000,1.84640000,A
2024-09-20 15:14:20,2024-09-20 15:14:11,3.64320000,1.79320000,A
2024-09-20 15:20:20,2024-09-20 15:20:11,3.59810000,1.74810000,A
2024-09-20 15:26:20,2024-09-20 15:26:11,3.55310000,1.70310000,A
2024-09-20 15:32:20,2024-09-20 15:32:11,3.49990000,1.64990000,A
2024-09-20 15:38:20,2024-09-20 15:38:11,3.45480000,1.60480000,A
2024-09-20 15:44:20,2024-09-20 15:44:11,3.41800000,1.56800000,A
2024-09-20 15:50:20,2024-09-20 15:50:11,3.37300000,1.52300000,A
2024-09-20 15:56:20,2024-09-20 15:56:11,3.31570000,1.46570000,A
2024-09-20 16:02:20,2024-09-20 16:02:11,3.27060000,1.42060000,A
2024-09-20 16:08:20,2024-09-20 16:08:11,3.22560000,1.37560000,A
2024-09-20 16:14:20,2024-09-20 16:14:11,3.18460000,1.33460000,A
2024-09-20 16:20:20,2024-09-20 16:20:11,3.18060000,1.33050000,A
2024-09-20 16:26:20,2024-09-20 16:26:11,3.17650000,1.32650000,A
2024-09-20 16:32:20,2024-09-20 16:32:11,3.15600000,1.30600000,A
2024-09-20 16:38:20,2024-09-20 16:38:11,3.13140000,1.28140000,A
2024-09-20 16:44:20,2024-09-20 16:44:11,3.07000000,1.22000000,A
2024-09-20 16:50:20,2024-09-20 16:50:11,3.01680000,1.16680000,A
2024-09-20 16:56:20,2024-09-20 16:56:11,2.97180000,1.12180000,A
2024-09-20 17:02:20,2024-09-20 17:02:11,2.89810000,1.04810000,A
2024-09-20 17:08:20,2024-09-20 17:08:11,2.84480000,0.99480000,A
2024-09-20 17:14:20,2024-09-20 17:14:11,2.79160000,0.94160000,A
2024-09-20 17:20:20,2024-09-20 17:20:11,2.73840000,0.88840000,A
2024-09-20 17:26:20,2024-09-20 17:26:11,2.69340000,0.84340000,A
2024-09-20 17:32:20,2024-09-20 17:32:11,2.65240000,0.80240000,A
2024-09-20 17:38:20,2024-09-20 17:38:11,2.59920000,0.74920000,A
2024-09-20 17:44:20,2024-09-20 17:44:11,2.55010000,0.70010000,A
2024-09-20 17:50:20,2024-09-20 17:50:11,2.51320000,0.66320000,A
2024-09-20 17:56:20,2024-09-20 17:56:11,2.46410000,0.61410000,A
2024-09-20 18:02:20,2024-09-20 18:02:11,2.43130000,0.58130000,A
2024-09-20 18:08:20,2024-09-20 18:08:11,2.40270000,0.55270000,A
2024-09-20 18:14:20,2024-09-20 18:14:11,2.37400000,0.52400000,A
2024-09-20 18:20:20,2024-09-20 18:20:11,2.34130000,0.49130000,A
2024-09-20 18:26:20,2024-09-20 18:26:11,2.32080000,0.47080000,A
2024-09-20 18:32:20,2024-09-20 18:32:11,2.29620000,0.44620000,A
2024-09-20 18:38:20,2024-09-20 18:38:11,2.26350000,0.41350000,A
2024-09-20 18:44:20,2024-09-20 18:44:11,2.33310000,0.48310000,A
2024-09-20 18:50:20,2024-09-20 18:50:11,2.41910000,0.56910000,A
2024-09-20 18:56:20,2024-09-20 18:56:11,2.50090000,0.65090000,A
2024-09-20 19:02:20,2024-09-20 19:02:11,2.59100000,0.74100000,A
2024-09-20 19:08:20,2024-09-20 19:08:11,2.68520000,0.83520000,A
2024-09-20 19:14:20,2024-09-20 19:14:11,2.79160000,0.94160000,A
2024-09-20 19:20:20,2024-09-20 19:20:11,2.89810000,1.04810000,A
2024-09-20 19:26:20,2024-09-20 19:26:11,3.00450000,1.15450000,A
2024-09-20 19:32:20,2024-09-20 19:32:11,3.09870000,1.24870000,A
2024-09-20 19:38:20,2024-09-20 19:38:11,3.19690000,1.34690000,A
2024-09-20 19:44:20,2024-09-20 19:44:11,3.27470000,1.42470000,A
2024-09-20 19:50:20,2024-09-20 19:50:11,3.36070000,1.51070000,A
2024-09-20 19:56:20,2024-09-20 19:56:11,3.45480000,1.60480000,A
2024-09-20 20:02:20,2024-09-20 20:02:11,3.54490000,1.69490000,A
2024-09-20 20:08:20,2024-09-20 20:08:11,3.63500000,1.78500000,A
2024-09-20 20:14:20,2024-09-20 20:14:11,3.71690000,1.86690000,A
2024-09-20 20:20:20,2024-09-20 20:20:11,3.81100000,1.96100000,A
2024-09-20 20:26:20,2024-09-20 20:26:11,3.89290000,2.04290000,A
2024-09-20 20:32:20,2024-09-20 20:32:11,3.98300000,2.13300000,A
2024-09-20 20:38:20,2024-09-20 20:38:11,4.07710000,2.22710000,A
2024-09-20 20:44:20,2024-09-20 20:44:11,4.17540000,2.32540000,A
2024-09-20 20:50:20,2024-09-20 20:50:11,4.27770000,2.42770000,A
2024-09-20 20:56:20,2024-09-20 20:56:11,4.38420000,2.53420000,A
2024-09-20 21:02:20,2024-09-20 21:02:11,4.47830000,2.62830000,A
2024-09-20 21:08:20,2024-09-20 21:08:11,4.57660000,2.72660000,A
2024-09-20 21:14:20,2024-09-20 21:14:11,4.67490000,2.82490000,A
2024-09-20 21:20:20,2024-09-20 21:20:11,4.77310000,2.92310000,A
2024-09-20 21:26:20,2024-09-20 21:26:11,4.85500000,3.00500000,A
2024-09-20 21:32:20,2024-09-20 21:32:11,4.92050000,3.07050000,A
2024-09-20 21:38:20,2024-09-20 21:38:11,4.98190000,3.13190000,A
2024-09-20 21:44:20,2024-09-20 21:44:11,5.07610000,3.22610000,A
2024-09-20 21:50:20,2024-09-20 21:50:11,5.14160000,3.29160000,A
2024-09-20 21:56:20,2024-09-20 21:56:11,5.22350000,3.37350000,A
2024-09-20 22:02:20,2024-09-20 22:02:11,5.30120000,3.45120000,A
2024-09-20 22:08:20,2024-09-20 22:08:11,5.37490000,3.52490000,A
2024-09-20 22:14:20,2024-09-20 22:14:11,5.43630000,3.58630000,A
2024-09-20 22:20:20,2024-09-20 22:20:11,5.51000000,3.66000000,A
2024-09-20 22:26:20,2024-09-20 22:26:11,5.57140000,3.72140000,A
2024-09-20 22:32:20,2024-09-20 22:32:11,5.61650000,3.76650000,A
2024-09-20 22:38:20,2024-09-20 22:38:11,5.67380000,3.82380000,A
2024-09-20 22:44:20,2024-09-20 22:44:11,5.73110000,3.88110000,A
2024-09-20 22:50:20,2024-09-20 22:50:11,5.77610000,3.92610000,A
2024-09-20 22:56:20,2024-09-20 22:56:11,5.83350000,3.98350000,A
2024-09-20 23:02:20,2024-09-20 23:02:11,5.88260000,4.03260000,A
2024-09-20 23:08:20,2024-09-20 23:08:11,5.95220000,4.10220000,A
2024-09-20 23:14:20,2024-09-20 23:14:11,5.99310000,4.14310000,A
2024-09-20 23:20:20,2024-09-20 23:20:11,6.04230000,4.19230000,A
2024-09-20 23:26:20,2024-09-20 23:26:11,6.07910000,4.22910000,A
2024-09-20 23:32:20,2024-09-20 23:32:11,6.12000000,4.27000000,A
2024-09-20 23:38:20,2024-09-20 23:38:11,6.16920000,4.31920000,A
2024-09-20 23:44:20,2024-09-20 23:44:11,6.20600000,4.35600000,A
2024-09-20 23:50:20,2024-09-20 23:50:11,6.23470000,4.38470000,A
2024-09-20 23:56:20,2024-09-20 23:56:11,6.27560000,4.42560000,A
2024-09-21 00:02:20,2024-09-21 00:02:11,6.29610000,4.44610000,A
2024-09-21 00:08:20,2024-09-21 00:08:11,6.33290000,4.48290000,A
2024-09-21 00:14:20,2024-09-21 00:14:11,6.35340000,4.50340000,A
2024-09-21 00:20:20,2024-09-21 00:20:11,6.35750000,4.50750000,A
2024-09-21 00:26:20,2024-09-21 00:26:11,6.35340000,4.50340000,A
2024-09-21 00:32:20,2024-09-21 00:32:11,6.34930000,4.49930000,A
2024-09-21 00:38:20,2024-09-21 00:38:11,6.30020000,4.45020000,A
2024-09-21 00:44:20,2024-09-21 00:44:11,6.25920000,4.40920000,A
2024-09-21 00:50:20,2024-09-21 00:50:11,6.22240000,4.37240000,A
2024-09-21 00:56:20,2024-09-21 00:56:11,6.18150000,4.33150000,A
2024-09-21 01:02:20,2024-09-21 01:02:11,6.14870000,4.29870000,A
2024-09-21 01:08:20,2024-09-21 01:08:11,6.09550000,4.24550000,A
2024-09-21 01:14:20,2024-09-21 01:14:11,6.05860000,4.20860000,A
2024-09-21 01:20:20,2024-09-21 01:20:11,5.99310000,4.14310000,A
2024-09-21 01:26:20,2024-09-21 01:26:11,5.91940000,4.06940000,A
2024-09-21 01:32:20,2024-09-21 01:32:11,5.89080000,4.04080000,A
2024-09-21 01:38:20,2024-09-21 01:38:11,5.80890000,3.95890000,A
2024-09-21 01:44:20,2024-09-21 01:44:11,5.75160000,3.90160000,A
2024-09-21 01:50:20,2024-09-21 01:50:11,5.70250000,3.85250000,A
2024-09-21 01:56:20,2024-09-21 01:56:11,5.66970000,3.81970000,A
2024-09-21 02:02:20,2024-09-21 02:02:11,5.55920000,3.70920000,A
2024-09-21 02:08:20,2024-09-21 02:08:11,5.50180000,3.65180000,A
2024-09-21 02:14:20,2024-09-21 02:14:11,5.44040000,3.59040000,A
2024-09-21 02:20:20,2024-09-21 02:20:11,5.39130000,3.54130000,A
2024-09-21 02:26:20,2024-09-21 02:26:11,5.28900000,3.43900000,A
2024-09-21 02:32:20,2024-09-21 02:32:11,5.23980000,3.38980000,A
2024-09-21 02:38:20,2024-09-21 02:38:11,5.15390000,3.30390000,A
2024-09-21 02:44:20,2024-09-21 02:44:11,5.10060000,3.25060000,A
2024-09-21 02:50:20,2024-09-21 02:50:11,5.01880000,3.16880000,A
2024-09-21 02:56:20,2024-09-21 02:56:11,4.96960000,3.11960000,A
2024-09-21 03:02:20,2024-09-21 03:02:11,4.87140000,3.02140000,A
2024-09-21 03:08:20,2024-09-21 03:08:11,4.79770000,2.94770000,A
2024-09-21 03:14:20,2024-09-21 03:14:11,4.75670000,2.90670000,A
2024-09-21 03:20:20,2024-09-21 03:20:11,4.67490000,2.82490000,A
2024-09-21 03:26:20,2024-09-21 03:26:11,4.62160000,2.77160000,A
2024-09-21 03:32:20,2024-09-21 03:32:11,4.55200000,2.70200000,A
2024-09-21 03:38:20,2024-09-21 03:38:11,4.48240000,2.63240000,A
2024-09-21 03:44:20,2024-09-21 03:44:11,4.41280000,2.56280000,A
2024-09-21 03:50:20,2024-09-21 03:50:11,4.35550000,2.50550000,A
2024-09-21 03:56:20,2024-09-21 03:56:11,4.26140000,2.41140000,A
2024-09-21 04:02:20,2024-09-21 04:02:11,4.24500000,2.39500000,A
2024-09-21 04:08:20,2024-09-21 04:08:11,4.19180000,2.34180000,A
2024-09-21 04:14:20,2024-09-21 04:14:11,4.13450000,2.28450000,A
2024-09-21 04:20:20,2024-09-21 04:20:11,4.07300000,2.22300000,A
2024-09-21 04:26:20,2024-09-21 04:26:11,4.01570000,2.16570000,A
2024-09-21 04:32:20,2024-09-21 04:32:11,3.95840000,2.10840000,A
2024-09-21 04:38:20,2024-09-21 04:38:11,3.89700000,2.04700000,A
2024-09-21 04:44:20,2024-09-21 04:44:11,3.85200000,2.00200000,A
2024-09-21 04:50:20,2024-09-21 04:50:11,3.79470000,1.94460000,A
2024-09-21 04:56:20,2024-09-21 04:56:11,3.73730000,1.88730000,A
2024-09-21 05:02:20,2024-09-21 05:02:11,3.70050000,1.85050000,A
2024-09-21 05:08:20,2024-09-21 05:08:11,3.65140000,1.80140000,A
2024-09-21 05:14:20,2024-09-21 05:14:11,3.59810000,1.74810000,A
2024-09-21 05:20:20,2024-09-21 05:20:11,3.55720000,1.70720000,A
2024-09-21 05:26:20,2024-09-21 05:26:11,3.51220000,1.66220000,A
2024-09-21 05:32:20,2024-09-21 05:32:11,3.46300000,1.61300000,A
2024-09-21 05:38:20,2024-09-21 05:38:11,3.41800000,1.56800000,A
2024-09-21 05:44:20,2024-09-21 05:44:11,3.37300000,1.52300000,A
2024-09-21 05:50:20,2024-09-21 05:50:11,3.32380000,1.47380000,A
2024-09-21 05:56:20,2024-09-21 05:56:11,3.27470000,1.42470000,A
2024-09-21 06:02:20,2024-09-21 06:02:11,3.22970000,1.37970000,A
2024-09-21 06:08:20,2024-09-21 06:08:11,3.18060000,1.33050000,A
2024-09-21 06:14:20,2024-09-21 06:14:11,3.13140000,1.28140000,A
2024-09-21 06:20:20,2024-09-21 06:20:11,3.07820000,1.22820000,A
2024-09-21 06:26:20,2024-09-21 06:26:11,3.02500000,1.17500000,A
2024-09-21 06:32:20,2024-09-21 06:32:11,2.97180000,1.12180000,A
2024-09-21 06:38:20,2024-09-21 06:38:11,2.91440000,1.06440000,A
2024-09-21 06:44:20,2024-09-21 06:44:11,2.86530000,1.01530000,A
2024-09-21 06:50:20,2024-09-21 06:50:11,2.82030000,0.97030000,A
2024-09-21 06:56:20,2024-09-21 06:56:11,2.76300000,0.91300000,A
2024-09-21 07:02:20,2024-09-21 07:02:11,2.71380000,0.86380000,A
2024-09-21 07:08:20,2024-09-21 07:08:11,2.67290000,0.82290000,A
2024-09-21 07:14:20,2024-09-21 07:14:11,2.61970000,0.76970000,A
2024-09-21 07:20:20,2024-09-21 07:20:11,2.57870000,0.72870000,A
2024-09-21 07:26:20,2024-09-21 07:26:11,2.53370000,0.68370000,A
2024-09-21 07:32:20,2024-09-21 07:32:11,2.49690000,0.64690000,A
2024-09-21 07:38:20,2024-09-21 07:38:11,2.45590000,0.60590000,A
2024-09-21 07:44:20,2024-09-21 07:44:11,2.42320000,0.57320000,A
2024-09-21 07:50:20,2024-09-21 07:50:11,2.39860000,0.54860000,A
2024-09-21 07:56:20,2024-09-21 07:56:11,2.36990000,0.51990000,A
2024-09-21 08:02:20,2024-09-21 08:02:11,2.33720000,0.48720000,A
2024-09-21 08:08:20,2024-09-21 08:08:11,2.31260000,0.46260000,A
2024-09-21 08:14:20,2024-09-21 08:14:11,2.27990000,0.42990000,A
2024-09-21 08:20:20,2024-09-21 08:20:11,2.25120000,0.40120000,A
2024-09-21 08:26:20,2024-09-21 08:26:11,2.23890000,0.38890000,A
2024-09-21 08:32:20,2024-09-21 08:32:11,2.22260000,0.37260000,A
2024-09-21 08:38:20,2024-09-21 08:38:11,2.22260000,0.37260000,A
2024-09-21 08:44:20,2024-09-21 08:44:11,2.27580000,0.42580000,A
2024-09-21 08:50:20,2024-09-21 08:50:11,2.37400000,0.52400000,A
2024-09-21 08:56:20,2024-09-21 08:56:11,2.45590000,0.60590000,A
2024-09-21 09:02:20,2024-09-21 09:02:11,2.55420000,0.70420000,A
2024-09-21 09:08:20,2024-09-21 09:08:11,2.66060000,0.81060000,A
2024-09-21 09:14:20,2024-09-21 09:14:11,2.77520000,0.92520000,A
2024-09-21 09:20:20,2024-09-21 09:20:11,2.89400000,1.04400000,A
2024-09-21 09:26:20,2024-09-21 09:26:11,3.01270000,1.16270000,A
2024-09-21 09:32:20,2024-09-21 09:32:11,3.11910000,1.26910000,A
2024-09-21 09:38:20,2024-09-21 09:38:11,3.21330000,1.36330000,A
2024-09-21 09:44:20,2024-09-21 09:44:11,3.29110000,1.44110000,A
2024-09-21 09:50:20,2024-09-21 09:50:11,3.36890000,1.51890000,A
2024-09-21 09:56:20,2024-09-21 09:56:11,3.44260000,1.59260000,A
2024-09-21 10:02:20,2024-09-21 10:02:11,3.51220000,1.66220000,A
2024-09-21 10:08:20,2024-09-21 10:08:11,3.58180000,1.73180000,A
2024-09-21 10:14:20,2024-09-21 10:14:11,3.65550000,1.80550000,A
2024-09-21 10:21:00,2024-09-21 10:20:11,3.73320000,1.88320000,A
2024-09-21 10:26:20,2024-09-21 10:26:11,3.79870000,1.94870000,A
2024-09-21 10:32:20,2024-09-21 10:32:11,3.87240000,2.02240000,A
2024-09-21 10:38:20,2024-09-21 10:38:11,3.95020000,2.10020000,A
2024-09-21 10:44:20,2024-09-21 10:44:11,4.01570000,2.16570000,A
2024-09-21 10:50:20,2024-09-21 10:50:11,4.09760000,2.24760000,A
2024-09-21 10:56:20,2024-09-21 10:56:11,4.17540000,2.32540000,A
2024-09-21 11:02:20,2024-09-21 11:02:11,4.25730000,2.40730000,A
2024-09-21 11:08:20,2024-09-21 11:08:11,4.32280000,2.47280000,A
2024-09-21 11:14:20,2024-09-21 11:14:11,4.39650000,2.54650000,A
2024-09-21 11:20:20,2024-09-21 11:20:11,4.46200000,2.61200000,A
2024-09-21 11:26:20,2024-09-21 11:26:11,4.53160000,2.68160000,A
2024-09-21 11:32:20,2024-09-21 11:32:11,4.60120000,2.75120000,A
2024-09-21 11:38:20,2024-09-21 11:38:11,4.66260000,2.81260000,A
2024-09-21 11:44:20,2024-09-21 11:44:11,4.73220000,2.88220000,A
2024-09-21 11:50:20,2024-09-21 11:50:11,4.78130000,2.93130000,A
2024-09-21 11:56:20,2024-09-21 11:56:11,4.83450000,2.98450000,A
2024-09-21 12:02:20,2024-09-21 12:02:11,4.89180000,3.04180000,A
2024-09-21 12:08:20,2024-09-21 12:08:11,4.93280000,3.08280000,A
2024-09-21 12:14:20,2024-09-21 12:14:11,4.98190000,3.13190000,A
2024-09-21 12:20:20,2024-09-21 12:20:11,5.01880000,3.16880000,A
2024-09-21 12:26:20,2024-09-21 12:26:11,5.05150000,3.20150000,A
2024-09-21 12:32:20,2024-09-21 12:32:11,5.08020000,3.23020000,A
2024-09-21 12:38:20,2024-09-21 12:38:11,5.10060000,3.25060000,A
2024-09-21 12:44:20,2024-09-21 12:44:11,5.10470000,3.25470000,A
2024-09-21 12:50:20,2024-09-21 12:50:11,5.10060000,3.25060000,A
2024-09-21 12:56:20,2024-09-21 12:56:11,5.08020000,3.23020000,A
2024-09-21 13:02:20,2024-09-21 13:02:11,5.05970000,3.20970000,A
2024-09-21 13:08:20,2024-09-21 13:08:11,5.03100000,3.18100000,A
2024-09-21 13:14:20,2024-09-21 13:14:11,4.99010000,3.14010000,A
2024-09-21 13:20:20,2024-09-21 13:20:11,4.95330000,3.10330000,A
2024-09-21 13:26:20,2024-09-21 13:26:11,4.91640000,3.06640000,A
2024-09-21 13:32:20,2024-09-21 13:32:11,4.87960000,3.02960000,A
2024-09-21 13:38:20,2024-09-21 13:38:11,4.83860000,2.98860000,A
2024-09-21 13:44:20,2024-09-21 13:44:11,4.79770000,2.94770000,A
2024-09-21 13:50:20,2024-09-21 13:50:11,4.75670000,2.90670000,A
2024-09-21 13:56:20,2024-09-21 13:56:11,4.70350000,2.85350000,A
2024-09-21 14:02:20,2024-09-21 14:02:11,4.65850000,2.80850000,A
2024-09-21 14:08:20,2024-09-21 14:08:11,4.60940000,2.75940000,A
2024-09-21 14:14:20,2024-09-21 14:14:11,4.56020000,2.71020000,A
2024-09-21 14:20:20,2024-09-21 14:20:11,4.51110000,2.66110000,A
2024-09-21 14:26:20,2024-09-21 14:26:11,4.46200000,2.61200000,A
2024-09-21 14:32:20,2024-09-21 14:32:11,4.41280000,2.56280000,A
2024-09-21 14:38:20,2024-09-21 14:38:11,4.35550000,2.50550000,A
2024-09-21 14:44:20,2024-09-21 14:44:11,4.30230000,2.45230000,A
2024-09-21 14:50:20,2024-09-21 14:50:11,4.24910000,2.39910000,A
2024-09-21 14:56:20,2024-09-21 14:56:11,4.20000000,2.35000000,A
2024-09-21 15:02:20,2024-09-21 15:02:11,4.14670000,2.29670000,A
2024-09-21 15:08:20,2024-09-21 15:08:11,4.09760000,2.24760000,A
2024-09-21 15:14:20,2024-09-21 15:14:11,4.04440000,2.19440000,A
2024-09-21 15:20:20,2024-09-21 15:20:11,3.99530000,2.14530000,A
2024-09-21 15:26:20,2024-09-21 15:26:11,3.94200000,2.09200000,A
2024-09-21 15:32:20,2024-09-21 15:32:11,3.89290000,2.04290000,A
2024-09-21 15:38:20,2024-09-21 15:38:11,3.85200000,2.00200000,A
2024-09-21 15:44:20,2024-09-21 15:44:11,3.79470000,1.94460000,A
2024-09-21 15:50:20,2024-09-21 15:50:11,3.74140000,1.89140000,A
2024-09-21 15:56:20,2024-09-21 15:56:11,3.69230000,1.84230000,A
2024-09-21 16:02:20,2024-09-21 16:02:11,3.64320000,1.79320000,A
2024-09-21 16:08:20,2024-09-21 16:08:11,3.59810000,1.74810000,A
2024-09-21 16:14:20,2024-09-21 16:14:11,3.54490000,1.69490000,A
2024-09-21 16:20:20,2024-09-21 16:20:11,3.49580000,1.64580000,A
2024-09-21 16:26:20,2024-09-21 16:26:11,3.45480000,1.60480000,A
2024-09-21 16:32:20,2024-09-21 16:32:11,3.41390000,1.56390000,A
2024-09-21 16:38:20,2024-09-21 16:38:11,3.36070000,1.51070000,A
2024-09-21 16:44:20,2024-09-21 16:44:11,3.31970000,1.46970000,A
2024-09-21 16:50:20,2024-09-21 16:50:11,3.26650000,1.41650000,A
2024-09-21 16:56:20,2024-09-21 16:56:11,3.21740000,1.36740000,A
2024-09-21 17:02:20,2024-09-21 17:02:11,3.17240000,1.32240000,A
2024-09-21 17:08:20,2024-09-21 17:08:11,3.11500000,1.26500000,A
2024-09-21 17:14:20,2024-09-21 17:14:11,3.05360000,1.20360000,A
2024-09-21 17:20:20,2024-09-21 17:20:11,2.97180000,1.12180000,A
2024-09-21 17:26:20,2024-09-21 17:26:11,2.91850000,1.06850000,A
2024-09-21 17:32:20,2024-09-21 17:32:11,2.85300000,1.00300000,A
2024-09-21 17:38:20,2024-09-21 17:38:11,2.79570000,0.94570000,A
2024-09-21 17:44:20,2024-09-21 17:44:11,2.74250000,0.89250000,A
2024-09-21 17:50:20,2024-09-21 17:50:11,2.69340000,0.84340000,A
2024-09-21 17:56:20,2024-09-21 17:56:11,2.64010000,0.79010000,A
2024-09-21 18:02:20,2024-09-21 18:02:11,2.59920000,0.74920000,A
2024-09-21 18:08:20,2024-09-21 18:08:11,2.55830000,0.70830000,A
2024-09-21 18:14:20,2024-09-21 18:14:11,2.52140000,0.67140000,A
2024-09-21 18:20:20,2024-09-21 18:20:11,2.47640000,0.62640000,A
2024-09-21 18:26:20,2024-09-21 18:26:11,2.43540000,0.58540000,A
2024-09-21 18:32:20,2024-09-21 18:32:11,2.39860000,0.54860000,A
2024-09-21 18:38:20,2024-09-21 18:38:11,2.37400000,0.52400000,A
2024-09-21 18:44:19,2024-09-21 18:44:11,2.35770000,0.50770000,A
2024-09-21 18:50:20,2024-09-21 18:50:11,2.43540000,0.58540000,A
2024-09-21 18:56:19,2024-09-21 18:56:11,2.51320000,0.66320000,A
2024-09-21 19:02:19,2024-09-21 19:02:11,2.57460000,0.72460000,A
2024-09-21 19:08:19,2024-09-21 19:08:11,2.64010000,0.79010000,A
2024-09-21 19:14:19,2024-09-21 19:14:11,2.71790000,0.86790000,A
2024-09-21 19:20:20,2024-09-21 19:20:11,2.79980000,0.94980000,A
2024-09-21 19:26:19,2024-09-21 19:26:11,2.87350000,1.02350000,A
2024-09-21 19:32:19,2024-09-21 19:32:11,2.95540000,1.10540000,A
2024-09-21 19:38:19,2024-09-21 19:38:11,3.03730000,1.18730000,A
2024-09-21 19:44:19,2024-09-21 19:44:11,3.11910000,1.26910000,A
2024-09-21 19:50:19,2024-09-21 19:50:11,3.19690000,1.34690000,A
2024-09-21 19:56:19,2024-09-21 19:56:11,3.27060000,1.42060000,A
2024-09-21 20:02:19,2024-09-21 20:02:11,3.34430000,1.49430000,A
2024-09-21 20:08:19,2024-09-21 20:08:11,3.41800000,1.56800000,A
2024-09-21 20:14:19,2024-09-21 20:14:11,3.49580000,1.64580000,A
2024-09-21 20:20:19,2024-09-21 20:20:11,3.56950000,1.71950000,A
2024-09-21 20:26:19,2024-09-21 20:26:11,3.65550000,1.80550000,A
2024-09-21 20:32:19,2024-09-21 20:32:11,3.73730000,1.88730000,A
2024-09-21 20:38:19,2024-09-21 20:38:11,3.81100000,1.96100000,A
2024-09-21 20:44:19,2024-09-21 20:44:11,3.91340000,2.06340000,A
2024-09-21 20:50:19,2024-09-21 20:50:11,3.99530000,2.14530000,A
2024-09-21 20:56:19,2024-09-21 20:56:11,4.07710000,2.22710000,A
2024-09-21 21:02:19,2024-09-21 21:02:11,4.18360000,2.33360000,A
2024-09-21 21:08:19,2024-09-21 21:08:11,4.27770000,2.42770000,A
2024-09-21 21:14:19,2024-09-21 21:14:11,4.38010000,2.53010000,A
2024-09-21 21:20:19,2024-09-21 21:20:11,4.47020000,2.62020000,A
2024-09-21 21:26:19,2024-09-21 21:26:11,4.57250000,2.72250000,A
2024-09-21 21:32:19,2024-09-21 21:32:11,4.65440000,2.80440000,A
2024-09-21 21:38:19,2024-09-21 21:38:11,4.75260000,2.90260000,A
2024-09-21 21:44:19,2024-09-21 21:44:11,4.84270000,2.99270000,A
2024-09-21 21:50:19,2024-09-21 21:50:11,4.93280000,3.08280000,A
2024-09-21 21:56:19,2024-09-21 21:56:11,5.01880000,3.16880000,A
2024-09-21 22:02:19,2024-09-21 22:02:11,5.08430000,3.23430000,A
2024-09-21 22:08:19,2024-09-21 22:08:11,5.17430000,3.32430000,A
2024-09-21 22:14:19,2024-09-21 22:14:11,5.26030000,3.41030000,A
2024-09-21 22:20:19,2024-09-21 22:20:11,5.33400000,3.48400000,A
2024-09-21 22:26:19,2024-09-21 22:26:11,5.39950000,3.54950000,A
2024-09-21 22:32:19,2024-09-21 22:32:11,5.47320000,3.62320000,A
2024-09-21 22:38:19,2024-09-21 22:38:11,5.54280000,3.69280000,A
2024-09-21 22:44:19,2024-09-21 22:44:11,5.61240000,3.76240000,A
2024-09-21 22:50:19,2024-09-21 22:50:11,5.67380000,3.82380000,A
2024-09-21 22:56:19,2024-09-21 22:56:11,5.73110000,3.88110000,A
2024-09-21 23:02:19,2024-09-21 23:02:11,5.78430000,3.93430000,A
2024-09-21 23:08:19,2024-09-21 23:08:11,5.86210000,4.01210000,A
2024-09-21 23:14:19,2024-09-21 23:14:11,5.91530000,4.06530000,A
2024-09-21 23:20:19,2024-09-21 23:20:11,5.97270000,4.12270000,A
2024-09-21 23:26:19,2024-09-21 23:26:11,6.01770000,4.16770000,A
2024-09-21 23:32:19,2024-09-21 23:32:11,6.05860000,4.20860000,A
2024-09-21 23:38:19,2024-09-21 23:38:11,6.10370000,4.25370000,A
2024-09-21 23:44:19,2024-09-21 23:44:11,6.14870000,4.29870000,A
2024-09-21 23:50:19,2024-09-21 23:50:11,6.19370000,4.34370000,A
2024-09-21 23:56:19,2024-09-21 23:56:11,6.23470000,4.38470000,A
2024-09-22 00:02:19,2024-09-22 00:02:11,6.27560000,4.42560000,A
2024-09-22 00:08:19,2024-09-22 00:08:11,6.30430000,4.45430000,A
2024-09-22 00:14:19,2024-09-22 00:14:11,6.33700000,4.48700000,A
2024-09-22 00:20:19,2024-09-22 00:20:11,6.36980000,4.51980000,A
2024-09-22 00:26:19,2024-09-22 00:26:11,6.39020000,4.54020000,A
2024-09-22 00:32:19,2024-09-22 00:32:11,6.41890000,4.56890000,A
2024-09-22 00:38:19,2024-09-22 00:38:11,6.44350000,4.59350000,A
2024-09-22 00:44:19,2024-09-22 00:44:11,6.47210000,4.62210000,A
2024-09-22 00:50:19,2024-09-22 00:50:11,6.48030000,4.63030000,A
2024-09-22 00:56:19,2024-09-22 00:56:11,6.50080000,4.65080000,A
2024-09-22 01:02:19,2024-09-22 01:02:11,6.50490000,4.65490000,A
2024-09-22 01:08:19,2024-09-22 01:08:11,6.49260000,4.64260000,A
2024-09-22 01:14:19,2024-09-22 01:14:11,6.47620000,4.62620000,A
2024-09-22 01:20:19,2024-09-22 01:20:11,6.44760000,4.59760000,A
2024-09-22 01:26:19,2024-09-22 01:26:11,6.39020000,4.54020000,A
2024-09-22 01:32:19,2024-09-22 01:32:11,6.36160000,4.51160000,A
2024-09-22 01:38:19,2024-09-22 01:38:11,6.33700000,4.48700000,A
2024-09-22 01:44:19,2024-09-22 01:44:11,6.29610000,4.44610000,A
2024-09-22 01:50:19,2024-09-22 01:50:11,6.26330000,4.41330000,A
2024-09-22 01:56:19,2024-09-22 01:56:11,6.20600000,4.35600000,A
2024-09-22 02:02:19,2024-09-22 02:02:11,6.18150000,4.33150000,A
2024-09-22 02:08:19,2024-09-22 02:08:11,6.13230000,4.28230000,A
2024-09-22 02:14:19,2024-09-22 02:14:11,6.07090000,4.22090000,A
2024-09-22 02:20:19,2024-09-22 02:20:11,5.99720000,4.14720000,A
2024-09-22 02:26:19,2024-09-22 02:26:11,5.95220000,4.10220000,A
2024-09-22 02:32:19,2024-09-22 02:32:11,5.87440000,4.02440000,A
2024-09-22 02:38:19,2024-09-22 02:38:11,5.82530000,3.97530000,A
2024-09-22 02:44:19,2024-09-22 02:44:11,5.77210000,3.92210000,A
2024-09-22 02:50:19,2024-09-22 02:50:11,5.70250000,3.85250000,A
2024-09-22 02:56:19,2024-09-22 02:56:11,5.63700000,3.78690000,A
2024-09-22 03:02:19,2024-09-22 03:02:11,5.56330000,3.71330000,A
2024-09-22 03:08:19,2024-09-22 03:08:11,5.48550000,3.63550000,A
2024-09-22 03:14:19,2024-09-22 03:14:11,5.44040000,3.59040000,A
2024-09-22 03:20:19,2024-09-22 03:20:11,5.37900000,3.52900000,A
2024-09-22 03:26:19,2024-09-22 03:26:11,5.31350000,3.46350000,A
2024-09-22 03:32:19,2024-09-22 03:32:11,5.20710000,3.35710000,A
2024-09-22 03:38:19,2024-09-22 03:38:11,5.12930000,3.27930000,A
2024-09-22 03:44:19,2024-09-22 03:44:11,5.09240000,3.24240000,A
2024-09-22 03:50:19,2024-09-22 03:50:11,5.01880000,3.16880000,A
2024-09-22 03:56:19,2024-09-22 03:56:11,4.96140000,3.11140000,A
2024-09-22 04:02:19,2024-09-22 04:02:11,4.87960000,3.02960000,A
2024-09-22 04:08:19,2024-09-22 04:08:11,4.81410000,2.96410000,A
2024-09-22 04:14:19,2024-09-22 04:14:11,4.75670000,2.90670000,A
2024-09-22 04:20:19,2024-09-22 04:20:11,4.69530000,2.84530000,A
2024-09-22 04:26:19,2024-09-22 04:26:11,4.62160000,2.77160000,A
2024-09-22 04:32:19,2024-09-22 04:32:11,4.55200000,2.70200000,A
2024-09-22 04:38:19,2024-09-22 04:38:11,4.47830000,2.62830000,A
2024-09-22 04:44:19,2024-09-22 04:44:11,4.41690000,2.56690000,A
2024-09-22 04:50:19,2024-09-22 04:50:11,4.35550000,2.50550000,A
2024-09-22 04:56:19,2024-09-22 04:56:11,4.29410000,2.44410000,A
2024-09-22 05:02:19,2024-09-22 05:02:11,4.23270000,2.38270000,A
2024-09-22 05:08:19,2024-09-22 05:08:11,4.17540000,2.32540000,A
2024-09-22 05:14:19,2024-09-22 05:14:11,4.11400000,2.26400000,A
2024-09-22 05:20:19,2024-09-22 05:20:11,4.05670000,2.20670000,A
2024-09-22 05:26:19,2024-09-22 05:26:11,4.00340000,2.15340000,A
2024-09-22 05:32:19,2024-09-22 05:32:11,3.94200000,2.09200000,A
2024-09-22 05:38:19,2024-09-22 05:38:11,3.89290000,2.04290000,A
2024-09-22 05:44:19,2024-09-22 05:44:11,3.83970000,1.98970000,A
2024-09-22 05:50:19,2024-09-22 05:50:11,3.77830000,1.92830000,A
2024-09-22 05:56:19,2024-09-22 05:56:11,3.73320000,1.88320000,A
2024-09-22 06:02:19,2024-09-22 06:02:11,3.69230000,1.84230000,A
2024-09-22 06:08:19,2024-09-22 06:08:11,3.63910000,1.78910000,A
2024-09-22 06:14:19,2024-09-22 06:14:11,3.59400000,1.74400000,A
2024-09-22 06:20:19,2024-09-22 06:20:11,3.54490000,1.69490000,A
2024-09-22 06:26:19,2024-09-22 06:26:11,3.50400000,1.65400000,A
2024-09-22 06:32:19,2024-09-22 06:32:11,3.45890000,1.60890000,A
2024-09-22 06:38:19,2024-09-22 06:38:11,3.40980000,1.55980000,A
2024-09-22 06:44:19,2024-09-22 06:44:11,3.37300000,1.52300000,A
2024-09-22 06:50:19,2024-09-22 06:50:11,3.31970000,1.46970000,A
2024-09-22 06:56:19,2024-09-22 06:56:11,3.27060000,1.42060000,A
2024-09-22 07:02:19,2024-09-22 07:02:11,3.22150000,1.37150000,A
2024-09-22 07:08:19,2024-09-22 07:08:11,3.17650000,1.32650000,A
2024-09-22 07:14:19,2024-09-22 07:14:11,3.11910000,1.26910000,A
2024-09-22 07:20:19,2024-09-22 07:20:11,3.07000000,1.22000000,A
2024-09-22 07:26:19,2024-09-22 07:26:11,3.02090000,1.17090000,A
2024-09-22 07:32:19,2024-09-22 07:32:11,2.97180000,1.12180000,A
2024-09-22 07:38:19,2024-09-22 07:38:11,2.91030000,1.06030000,A
2024-09-22 07:44:19,2024-09-22 07:44:11,2.85710000,1.00710000,A
2024-09-22 07:50:19,2024-09-22 07:50:11,2.81620000,0.96620000,A
2024-09-22 07:56:19,2024-09-22 07:56:11,2.76300000,0.91300000,A
2024-09-22 08:02:19,2024-09-22 08:02:11,2.71380000,0.86380000,A
2024-09-22 08:08:19,2024-09-22 08:08:11,2.67290000,0.82290000,A
2024-09-22 08:14:19,2024-09-22 08:14:11,2.61970000,0.76970000,A
2024-09-22 08:20:19,2024-09-22 08:20:11,2.57870000,0.72870000,A
2024-09-22 08:26:19,2024-09-22 08:26:11,2.53780000,0.68780000,A
2024-09-22 08:32:19,2024-09-22 08:32:11,2.49690000,0.64690000,A
2024-09-22 08:38:19,2024-09-22 08:38:11,2.46410000,0.61410000,A
2024-09-22 08:44:19,2024-09-22 08:44:11,2.43130000,0.58130000,A
2024-09-22 08:50:19,2024-09-22 08:50:11,2.40680000,0.55680000,A
2024-09-22 08:56:19,2024-09-22 08:56:11,2.36990000,0.51990000,A
2024-09-22 09:02:19,2024-09-22 09:02:11,2.35360000,0.50360000,A
2024-09-22 09:08:19,2024-09-22 09:08:11,2.33310000,0.48310000,A
2024-09-22 09:14:19,2024-09-22 09:14:11,2.30440000,0.45440000,A
2024-09-22 09:20:19,2024-09-22 09:20:11,2.29220000,0.44220000,A
2024-09-22 09:26:19,2024-09-22 09:26:11,2.27170000,0.42170000,A
2024-09-22 09:32:19,2024-09-22 09:32:11,2.24710000,0.39710000,A
2024-09-22 09:38:19,2024-09-22 09:38:11,2.21850000,0.36850000,A
2024-09-22 09:44:19,2024-09-22 09:44:11,2.20210000,0.35210000,A
2024-09-22 09:50:19,2024-09-22 09:50:11,2.19390000,0.34390000,A
2024-09-22 09:56:19,2024-09-22 09:56:11,2.31260000,0.46260000,A
2024-09-22 10:02:19,2024-09-22 10:02:11,2.38220000,0.53220000,A
2024-09-22 10:08:19,2024-09-22 10:08:11,2.47230000,0.62230000,A
2024-09-22 10:14:19,2024-09-22 10:14:11,2.55420000,0.70420000,A
2024-09-22 10:20:19,2024-09-22 10:20:11,2.65240000,0.80240000,A
2024-09-22 10:26:19,2024-09-22 10:26:11,2.75480000,0.90480000,A
2024-09-22 10:32:19,2024-09-22 10:32:11,2.87350000,1.02350000,A
2024-09-22 10:38:19,2024-09-22 10:38:11,2.97590000,1.12580000,A
2024-09-22 10:44:19,2024-09-22 10:44:11,3.07410000,1.22410000,A
2024-09-22 10:50:19,2024-09-22 10:50:11,3.16420000,1.31420000,A
2024-09-22 10:56:19,2024-09-22 10:56:11,3.23790000,1.38790000,A
2024-09-22 11:02:19,2024-09-22 11:02:11,3.29930000,1.44930000,A
2024-09-22 11:08:19,2024-09-22 11:08:11,3.37300000,1.52300000,A
2024-09-22 11:14:19,2024-09-22 11:14:11,3.45080000,1.60080000,A
2024-09-22 11:20:19,2024-09-22 11:20:11,3.50400000,1.65400000,A
2024-09-22 11:26:19,2024-09-22 11:26:11,3.56130000,1.71130000,A
2024-09-22 11:32:19,2024-09-22 11:32:11,3.64320000,1.79320000,A
2024-09-22 11:38:19,2024-09-22 11:38:11,3.70050000,1.85050000,A
2024-09-22 11:44:19,2024-09-22 11:44:11,3.75780000,1.90780000,A
2024-09-22 11:50:19,2024-09-22 11:50:11,3.83560000,1.98560000,A
2024-09-22 11:56:19,2024-09-22 11:56:11,3.90110000,2.05110000,A
2024-09-22 12:02:19,2024-09-22 12:02:11,3.97070000,2.12070000,A
2024-09-22 12:08:19,2024-09-22 12:08:11,4.04030000,2.19030000,A
2024-09-22 12:14:19,2024-09-22 12:14:11,4.10170000,2.25170000,A
2024-09-22 12:20:19,2024-09-22 12:20:11,4.17950000,2.32950000,A
2024-09-22 12:26:19,2024-09-22 12:26:11,4.23270000,2.38270000,A
2024-09-22 12:32:19,2024-09-22 12:32:11,4.29410000,2.44410000,A
2024-09-22 12:38:19,2024-09-22 12:38:11,4.35550000,2.50550000,A
2024-09-22 12:44:19,2024-09-22 12:44:11,4.41280000,2.56280000,A
2024-09-22 12:50:19,2024-09-22 12:50:11,4.47020000,2.62020000,A
2024-09-22 12:56:19,2024-09-22 12:56:11,4.52750000,2.67750000,A
2024-09-22 13:02:19,2024-09-22 13:02:11,4.58480000,2.73480000,A
2024-09-22 13:08:19,2024-09-22 13:08:11,4.63800000,2.78800000,A
2024-09-22 13:14:19,2024-09-22 13:14:11,4.67900000,2.82900000,A
2024-09-22 13:20:19,2024-09-22 13:20:11,4.72400000,2.87400000,A
2024-09-22 13:26:19,2024-09-22 13:26:11,4.75670000,2.90670000,A
2024-09-22 13:32:19,2024-09-22 13:32:11,4.81000000,2.96000000,A
2024-09-22 13:38:19,2024-09-22 13:38:11,4.83450000,2.98450000,A
2024-09-22 13:44:19,2024-09-22 13:44:11,4.85910000,3.00910000,A
2024-09-22 13:50:19,2024-09-22 13:50:11,4.86320000,3.01320000,A
2024-09-22 13:56:19,2024-09-22 13:56:11,4.85910000,3.00910000,A
2024-09-22 14:02:19,2024-09-22 14:02:11,4.87140000,3.02140000,A
2024-09-22 14:08:19,2024-09-22 14:08:11,4.85500000,3.00500000,A
2024-09-22 14:14:19,2024-09-22 14:14:11,4.83860000,2.98860000,A
2024-09-22 14:20:19,2024-09-22 14:20:11,4.81410000,2.96410000,A
2024-09-22 14:26:19,2024-09-22 14:26:11,4.77720000,2.92720000,A
2024-09-22 14:32:19,2024-09-22 14:32:11,4.74040000,2.89040000,A
2024-09-22 14:38:19,2024-09-22 14:38:11,4.71170000,2.86170000,A
2024-09-22 14:44:19,2024-09-22 14:44:11,4.67490000,2.82490000,A
2024-09-22 14:50:19,2024-09-22 14:50:11,4.62160000,2.77160000,A
2024-09-22 14:56:19,2024-09-22 14:56:11,4.58070000,2.73070000,A
2024-09-22 15:02:19,2024-09-22 15:02:11,4.53980000,2.68980000,A
2024-09-22 15:08:19,2024-09-22 15:08:11,4.51110000,2.66110000,A
2024-09-22 15:14:19,2024-09-22 15:14:11,4.44970000,2.59970000,A
2024-09-22 15:20:19,2024-09-22 15:20:11,4.41280000,2.56280000,A
2024-09-22 15:26:19,2024-09-22 15:26:11,4.35960000,2.50960000,A
2024-09-22 15:32:19,2024-09-22 15:32:11,4.31870000,2.46870000,A
2024-09-22 15:38:19,2024-09-22 15:38:11,4.29000000,2.44000000,A
2024-09-22 15:44:19,2024-09-22 15:44:11,4.22040000,2.37040000,A
2024-09-22 15:50:19,2024-09-22 15:50:11,4.17130000,2.32130000,A
2024-09-22 15:56:19,2024-09-22 15:56:11,4.12220000,2.27220000,A
2024-09-22 16:02:19,2024-09-22 16:02:11,4.07300000,2.22300000,A
2024-09-22 16:08:19,2024-09-22 16:08:11,4.03210000,2.18210000,A
2024-09-22 16:14:19,2024-09-22 16:14:11,3.97480000,2.12480000,A
2024-09-22 16:20:19,2024-09-22 16:20:11,3.92980000,2.07980000,A
2024-09-22 16:26:19,2024-09-22 16:26:11,3.86420000,2.01420000,A
2024-09-22 16:32:19,2024-09-22 16:32:11,3.83150000,1.98150000,A
2024-09-22 16:38:19,2024-09-22 16:38:11,3.77830000,1.92830000,A
2024-09-22 16:44:19,2024-09-22 16:44:11,3.72100000,1.87100000,A
2024-09-22 16:50:19,2024-09-22 16:50:11,3.68000000,1.83000000,A
2024-09-22 16:56:19,2024-09-22 16:56:11,3.62270000,1.77270000,A
2024-09-22 17:02:19,2024-09-22 17:02:11,3.57770000,1.72770000,A
2024-09-22 17:08:19,2024-09-22 17:08:11,3.53260000,1.68260000,A
2024-09-22 17:14:19,2024-09-22 17:14:11,3.49990000,1.64990000,A
2024-09-22 17:20:19,2024-09-22 17:20:11,3.43030000,1.58030000,A
2024-09-22 17:26:19,2024-09-22 17:26:11,3.37300000,1.52300000,A
2024-09-22 17:32:19,2024-09-22 17:32:11,3.32380000,1.47380000,A
2024-09-22 17:38:19,2024-09-22 17:38:11,3.29930000,1.44930000,A
2024-09-22 17:44:19,2024-09-22 17:44:11,3.25010000,1.40010000,A
2024-09-22 17:50:19,2024-09-22 17:50:11,3.19280000,1.34280000,A
2024-09-22 17:56:19,2024-09-22 17:56:11,3.15600000,1.30600000,A
2024-09-22 18:02:19,2024-09-22 18:02:11,3.11100000,1.26100000,A
2024-09-22 18:08:19,2024-09-22 18:08:11,3.06180000,1.21180000,A
2024-09-22 18:14:19,2024-09-22 18:14:11,3.03320000,1.18320000,A
2024-09-22 18:20:19,2024-09-22 18:20:11,2.95950000,1.10950000,A
2024-09-22 18:26:19,2024-09-22 18:26:11,2.90220000,1.05220000,A
2024-09-22 18:32:19,2024-09-22 18:32:11,2.86530000,1.01530000,A
2024-09-22 18:38:19,2024-09-22 18:38:11,2.81620000,0.96620000,A
2024-09-22 18:44:19,2024-09-22 18:44:11,2.79160000,0.94160000,A
2024-09-22 18:50:19,2024-09-22 18:50:11,2.75890000,0.90890000,A
2024-09-22 18:56:19,2024-09-22 18:56:11,2.73430000,0.88430000,A
2024-09-22 19:02:19,2024-09-22 19:02:11,2.73840000,0.88840000,A
2024-09-22 19:08:19,2024-09-22 19:08:11,2.81210000,0.96210000,A
2024-09-22 19:14:19,2024-09-22 19:14:11,2.87350000,1.02350000,A
2024-09-22 19:20:19,2024-09-22 19:20:11,2.90220000,1.05220000,A
2024-09-22 19:26:19,2024-09-22 19:26:11,2.95950000,1.10950000,A
2024-09-22 19:32:19,2024-09-22 19:32:11,3.00450000,1.15450000,A
2024-09-22 19:38:19,2024-09-22 19:38:11,3.05770000,1.20770000,A
2024-09-22 19:44:19,2024-09-22 19:44:11,3.10690000,1.25690000,A
2024-09-22 19:50:19,2024-09-22 19:50:11,3.15600000,1.30600000,A
2024-09-22 19:56:19,2024-09-22 19:56:11,3.21330000,1.36330000,A
2024-09-22 20:02:19,2024-09-22 20:02:11,3.25830000,1.40830000,A
2024-09-22 20:08:19,2024-09-22 20:08:11,3.31570000,1.46570000,A
2024-09-22 20:14:19,2024-09-22 20:14:11,3.35660000,1.50660000,A
2024-09-22 20:20:19,2024-09-22 20:20:11,3.40980000,1.55980000,A
2024-09-22 20:26:19,2024-09-22 20:26:11,3.47120000,1.62120000,A
2024-09-22 20:32:19,2024-09-22 20:32:11,3.53670000,1.68670000,A
2024-09-22 20:38:19,2024-09-22 20:38:11,3.59400000,1.74400000,A
2024-09-22 20:44:24,2024-09-22 20:44:11,3.67590000,1.82590000,A
2024-09-22 20:50:19,2024-09-22 20:50:11,3.73320000,1.88320000,A
2024-09-22 20:56:19,2024-09-22 20:56:11,3.80280000,1.95280000,A
2024-09-22 21:02:19,2024-09-22 21:02:11,3.88060000,2.03060000,A
2024-09-22 21:08:19,2024-09-22 21:08:11,3.95840000,2.10840000,A
2024-09-22 21:14:19,2024-09-22 21:14:11,4.04030000,2.19030000,A
2024-09-22 21:20:19,2024-09-22 21:20:11,4.13040000,2.28040000,A
2024-09-22 21:26:19,2024-09-22 21:26:11,4.21220000,2.36220000,A
2024-09-22 21:32:19,2024-09-22 21:32:11,4.30230000,2.45230000,A
2024-09-22 21:38:19,2024-09-22 21:38:11,4.38010000,2.53010000,A
2024-09-22 21:44:19,2024-09-22 21:44:11,4.46200000,2.61200000,A
2024-09-22 21:50:19,2024-09-22 21:50:11,4.56020000,2.71020000,A
2024-09-22 21:56:19,2024-09-22 21:56:11,4.63800000,2.78800000,A
2024-09-22 22:02:19,2024-09-22 22:02:11,4.73220000,2.88220000,A
2024-09-22 22:08:19,2024-09-22 22:08:11,4.81410000,2.96410000,A
2024-09-22 22:14:19,2024-09-22 22:14:11,4.90000000,3.05000000,A
2024-09-22 22:20:19,2024-09-22 22:20:11,4.97780000,3.12780000,A
2024-09-22 22:26:19,2024-09-22 22:26:11,5.05150000,3.20150000,A
2024-09-22 22:32:19,2024-09-22 22:32:11,5.12520000,3.27520000,A
2024-09-22 22:38:19,2024-09-22 22:38:11,5.19890000,3.34890000,A
2024-09-22 22:44:19,2024-09-22 22:44:11,5.27670000,3.42670000,A
2024-09-22 22:50:19,2024-09-22 22:50:11,5.34220000,3.49220000,A
2024-09-22 22:56:19,2024-09-22 22:56:11,5.41590000,3.56590000,A
2024-09-22 23:02:19,2024-09-22 23:02:11,5.48140000,3.63140000,A
2024-09-22 23:08:19,2024-09-22 23:08:11,5.55920000,3.70920000,A
2024-09-22 23:14:19,2024-09-22 23:14:11,5.61240000,3.76240000,A
2024-09-22 23:20:19,2024-09-22 23:20:11,5.67790000,3.82790000,A
2024-09-22 23:26:19,2024-09-22 23:26:11,5.73520000,3.88520000,A
2024-09-22 23:32:19,2024-09-22 23:32:11,5.79250000,3.94250000,A
2024-09-22 23:38:19,2024-09-22 23:38:11,5.84170000,3.99160000,A
2024-09-22 23:44:24,2024-09-22 23:44:11,5.89900000,4.04900000,A
2024-09-22 23:50:19,2024-09-22 23:50:11,5.94400000,4.09400000,A
2024-09-22 23:56:19,2024-09-22 23:56:11,5.99310000,4.14310000,A
2024-09-23 00:02:19,2024-09-23 00:02:11,6.03410000,4.18410000,A
2024-09-23 00:08:19,2024-09-23 00:08:11,6.07910000,4.22910000,A
2024-09-23 00:14:19,2024-09-23 00:14:11,6.12000000,4.27000000,A
2024-09-23 00:20:19,2024-09-23 00:20:11,6.15690000,4.30690000,A
2024-09-23 00:26:19,2024-09-23 00:26:11,6.19780000,4.34780000,A
2024-09-23 00:32:19,2024-09-23 00:32:11,6.23060000,4.38060000,A
2024-09-23 00:38:19,2024-09-23 00:38:11,6.25920000,4.40920000,A
2024-09-23 00:44:19,2024-09-23 00:44:11,6.29610000,4.44610000,A
2024-09-23 00:50:19,2024-09-23 00:50:11,6.32880000,4.47880000,A
2024-09-23 00:56:19,2024-09-23 00:56:11,6.35340000,4.50340000,A
2024-09-23 01:02:19,2024-09-23 01:02:11,6.37390000,4.52390000,A
2024-09-23 01:08:19,2024-09-23 01:08:11,6.41070000,4.56070000,A
2024-09-23 01:14:19,2024-09-23 01:14:11,6.42300000,4.57300000,A
2024-09-23 01:20:19,2024-09-23 01:20:11,6.45170000,4.60170000,A
2024-09-23 01:26:19,2024-09-23 01:26:11,6.45570000,4.60580000,A
2024-09-23 01:32:19,2024-09-23 01:32:11,6.45980000,4.60980000,A
2024-09-23 01:38:19,2024-09-23 01:38:11,6.45980000,4.60980000,A
2024-09-23 01:44:19,2024-09-23 01:44:11,6.44350000,4.59350000,A
2024-09-23 01:50:19,2024-09-23 01:50:11,6.41890000,4.56890000,A
2024-09-23 01:56:19,2024-09-23 01:56:11,6.39020000,4.54020000,A
2024-09-23 02:02:19,2024-09-23 02:02:11,6.35340000,4.50340000,A
2024-09-23 02:08:19,2024-09-23 02:08:11,6.31660000,4.46660000,A
2024-09-23 02:14:19,2024-09-23 02:14:11,6.29200000,4.44200000,A
2024-09-23 02:20:19,2024-09-23 02:20:11,6.24290000,4.39290000,A
2024-09-23 02:26:19,2024-09-23 02:26:11,6.20190000,4.35190000,A
2024-09-23 02:32:19,2024-09-23 02:32:11,6.16510000,4.31510000,A
2024-09-23 02:38:19,2024-09-23 02:38:11,6.11190000,4.26190000,A
2024-09-23 02:44:19,2024-09-23 02:44:11,6.05450000,4.20450000,A
2024-09-23 02:50:19,2024-09-23 02:50:11,6.01360000,4.16360000,A
2024-09-23 02:56:19,2024-09-23 02:56:11,5.95220000,4.10220000,A
2024-09-23 03:02:19,2024-09-23 03:02:11,5.89080000,4.04080000,A
2024-09-23 03:08:19,2024-09-23 03:08:11,5.83350000,3.98350000,A
2024-09-23 03:14:19,2024-09-23 03:14:11,5.77210000,3.92210000,A
2024-09-23 03:20:19,2024-09-23 03:20:11,5.71880000,3.86880000,A
2024-09-23 03:26:19,2024-09-23 03:26:11,5.65330000,3.80330000,A
2024-09-23 03:32:19,2024-09-23 03:32:11,5.58370000,3.73370000,A
2024-09-23 03:38:19,2024-09-23 03:38:11,5.51000000,3.66000000,A
2024-09-23 03:44:19,2024-09-23 03:44:11,5.45270000,3.60270000,A
2024-09-23 03:50:19,2024-09-23 03:50:11,5.37900000,3.52900000,A
2024-09-23 03:56:19,2024-09-23 03:56:11,5.31350000,3.46350000,A
2024-09-23 04:02:19,2024-09-23 04:02:11,5.21940000,3.36940000,A
2024-09-23 04:08:19,2024-09-23 04:08:11,5.17430000,3.32430000,A
2024-09-23 04:14:19,2024-09-23 04:14:11,5.11290000,3.26290000,A
2024-09-23 04:20:19,2024-09-23 04:20:11,5.05150000,3.20150000,A
2024-09-23 04:26:19,2024-09-23 04:26:11,4.96960000,3.11960000,A
2024-09-23 04:32:19,2024-09-23 04:32:11,4.90410000,3.05410000,A
2024-09-23 04:38:19,2024-09-23 04:38:11,4.83040000,2.98040000,A
2024-09-23 04:44:19,2024-09-23 04:44:11,4.76900000,2.91900000,A
2024-09-23 04:50:19,2024-09-23 04:50:11,4.70350000,2.85350000,A
2024-09-23 04:56:19,2024-09-23 04:56:11,4.63390000,2.78390000,A
2024-09-23 05:02:19,2024-09-23 05:02:11,4.56430000,2.71430000,A
2024-09-23 05:08:19,2024-09-23 05:08:11,4.50290000,2.65290000,A
2024-09-23 05:14:19,2024-09-23 05:14:11,4.43330000,2.58330000,A
2024-09-23 05:20:19,2024-09-23 05:20:11,4.37600000,2.52600000,A
2024-09-23 05:26:19,2024-09-23 05:26:11,4.31460000,2.46460000,A
2024-09-23 05:32:19,2024-09-23 05:32:11,4.24910000,2.39910000,A
2024-09-23 05:38:19,2024-09-23 05:38:11,4.19180000,2.34180000,A
2024-09-23 05:44:19,2024-09-23 05:44:11,4.13450000,2.28450000,A
2024-09-23 05:50:19,2024-09-23 05:50:11,4.07300000,2.22300000,A
2024-09-23 05:56:19,2024-09-23 05:56:11,4.01570000,2.16570000,A
2024-09-23 06:02:19,2024-09-23 06:02:11,3.96250000,2.11250000,A
2024-09-23 06:08:19,2024-09-23 06:08:11,3.90930000,2.05930000,A
2024-09-23 06:14:19,2024-09-23 06:14:11,3.85610000,2.00610000,A
2024-09-23 06:20:19,2024-09-23 06:20:11,3.81100000,1.96100000,A
2024-09-23 06:26:19,2024-09-23 06:26:11,3.75780000,1.90780000,A
2024-09-23 06:32:19,2024-09-23 06:32:11,3.68410000,1.83410000,A
2024-09-23 06:38:19,2024-09-23 06:38:11,3.63910000,1.78910000,A
2024-09-23 06:44:19,2024-09-23 06:44:11,3.61040000,1.76040000,A
2024-09-23 06:50:19,2024-09-23 06:50:11,3.55720000,1.70720000,A
2024-09-23 06:56:19,2024-09-23 06:56:11,3.52040000,1.67040000,A
2024-09-23 07:02:19,2024-09-23 07:02:11,3.47120000,1.62120000,A
2024-09-23 07:08:19,2024-09-23 07:08:11,3.43030000,1.58030000,A
2024-09-23 07:14:19,2024-09-23 07:14:11,3.37710000,1.52710000,A
2024-09-23 07:20:19,2024-09-23 07:20:11,3.33200000,1.48200000,A
2024-09-23 07:26:19,2024-09-23 07:26:11,3.29110000,1.44110000,A
2024-09-23 07:32:19,2024-09-23 07:32:11,3.23380000,1.38380000,A
2024-09-23 07:38:19,2024-09-23 07:38:11,3.19280000,1.34280000,A
2024-09-23 07:44:19,2024-09-23 07:44:11,3.13960000,1.28960000,A
2024-09-23 07:50:19,2024-09-23 07:50:11,3.09050000,1.24050000,A
2024-09-23 07:56:19,2024-09-23 07:56:11,3.03730000,1.18730000,A
2024-09-23 08:02:19,2024-09-23 08:02:11,2.99220000,1.14220000,A
2024-09-23 08:08:19,2024-09-23 08:08:11,2.93490000,1.08490000,A
2024-09-23 08:14:19,2024-09-23 08:14:11,2.88580000,1.03580000,A
2024-09-23 08:20:19,2024-09-23 08:20:11,2.83670000,0.98670000,A
2024-09-23 08:26:19,2024-09-23 08:26:11,2.79160000,0.94160000,A
2024-09-23 08:32:19,2024-09-23 08:32:11,2.73840000,0.88840000,A
2024-09-23 08:38:19,2024-09-23 08:38:11,2.68930000,0.83930000,A
2024-09-23 08:44:19,2024-09-23 08:44:11,2.65240000,0.80240000,A
2024-09-23 08:50:19,2024-09-23 08:50:11,2.59920000,0.74920000,A
2024-09-23 08:56:19,2024-09-23 08:56:11,2.56240000,0.71240000,A
2024-09-23 09:02:19,2024-09-23 09:02:11,2.52140000,0.67140000,A
2024-09-23 09:08:19,2024-09-23 09:08:11,2.49280000,0.64280000,A
2024-09-23 09:14:19,2024-09-23 09:14:11,2.45590000,0.60590000,A
2024-09-23 09:20:19,2024-09-23 09:20:11,2.41910000,0.56910000,A
2024-09-23 09:26:19,2024-09-23 09:26:11,2.39040000,0.54040000,A
2024-09-23 09:32:19,2024-09-23 09:32:11,2.36990000,0.51990000,A
2024-09-23 09:38:19,2024-09-23 09:38:11,2.34130000,0.49130000,A
2024-09-23 09:44:19,2024-09-23 09:44:11,2.31260000,0.46260000,A
2024-09-23 09:50:19,2024-09-23 09:50:11,2.27990000,0.42990000,A
2024-09-23 09:56:19,2024-09-23 09:56:11,2.25530000,0.40530000,A
2024-09-23 10:02:19,2024-09-23 10:02:11,2.25120000,0.40120000,A
2024-09-23 10:08:19,2024-09-23 10:08:11,2.23890000,0.38890000,A
2024-09-23 10:14:19,2024-09-23 10:14:11,2.21850000,0.36850000,A
2024-09-23 10:20:19,2024-09-23 10:20:11,2.21030000,0.36030000,A
2024-09-23 10:26:19,2024-09-23 10:26:11,2.18980000,0.33980000,A
2024-09-23 10:32:19,2024-09-23 10:32:11,2.17340000,0.32340000,A
2024-09-23 10:38:19,2024-09-23 10:38:11,2.16520000,0.31520000,A
2024-09-23 10:44:19,2024-09-23 10:44:11,2.15710000,0.30700000,A
2024-09-23 10:50:19,2024-09-23 10:50:11,2.13250000,0.28250000,A
2024-09-23 10:56:19,2024-09-23 10:56:11,2.15710000,0.30700000,A
2024-09-23 11:02:19,2024-09-23 11:02:11,2.23890000,0.38890000,A
2024-09-23 11:08:19,2024-09-23 11:08:11,2.32080000,0.47080000,A
2024-09-23 11:14:19,2024-09-23 11:14:11,2.39860000,0.54860000,A
2024-09-23 11:20:19,2024-09-23 11:20:11,2.48050000,0.63050000,A
2024-09-23 11:26:19,2024-09-23 11:26:11,2.57460000,0.72460000,A
2024-09-23 11:32:19,2024-09-23 11:32:11,2.67700000,0.82700000,A
2024-09-23 11:38:23,2024-09-23 11:38:11,2.77930000,0.92930000,A
2024-09-23 11:44:19,2024-09-23 11:44:11,2.89400000,1.04400000,A
2024-09-23 11:50:19,2024-09-23 11:50:11,2.99220000,1.14220000,A
2024-09-23 11:56:19,2024-09-23 11:56:11,3.09050000,1.24050000,A
2024-09-23 12:02:19,2024-09-23 12:02:11,3.16010000,1.31010000,A
2024-09-23 12:08:19,2024-09-23 12:08:11,3.24200000,1.39200000,A
2024-09-23 12:14:19,2024-09-23 12:14:11,3.30340000,1.45340000,A
2024-09-23 12:20:19,2024-09-23 12:20:11,3.37300000,1.52300000,A
2024-09-23 12:26:19,2024-09-23 12:26:11,3.43030000,1.58030000,A
2024-09-23 12:32:19,2024-09-23 12:32:11,3.49170000,1.64170000,A
2024-09-23 12:38:19,2024-09-23 12:38:11,3.55310000,1.70310000,A
2024-09-23 12:44:19,2024-09-23 12:44:11,3.61040000,1.76040000,A
2024-09-23 12:50:19,2024-09-23 12:50:11,3.66360000,1.81360000,A
2024-09-23 12:56:19,2024-09-23 12:56:11,3.73320000,1.88320000,A
2024-09-23 13:02:19,2024-09-23 13:02:11,3.79470000,1.94460000,A
2024-09-23 13:08:19,2024-09-23 13:08:11,3.85200000,2.00200000,A
2024-09-23 13:14:19,2024-09-23 13:14:11,3.91750000,2.06750000,A
2024-09-23 13:20:19,2024-09-23 13:20:11,3.98300000,2.13300000,A
2024-09-23 13:26:19,2024-09-23 13:26:11,4.04440000,2.19440000,A
2024-09-23 13:32:19,2024-09-23 13:32:11,4.10990000,2.25990000,A
2024-09-23 13:38:19,2024-09-23 13:38:11,4.17130000,2.32130000,A
2024-09-23 13:44:19,2024-09-23 13:44:11,4.23270000,2.38270000,A
2024-09-23 13:50:19,2024-09-23 13:50:11,4.28180000,2.43180000,A
2024-09-23 13:56:19,2024-09-23 13:56:11,4.33920000,2.48920000,A
2024-09-23 14:02:19,2024-09-23 14:02:11,4.39240000,2.54240000,A
2024-09-23 14:08:19,2024-09-23 14:08:11,4.44150000,2.59150000,A
2024-09-23 14:14:19,2024-09-23 14:14:11,4.49470000,2.64470000,A
2024-09-23 14:20:19,2024-09-23 14:20:11,4.54390000,2.69390000,A
2024-09-23 14:26:19,2024-09-23 14:26:11,4.58480000,2.73480000,A
2024-09-23 14:32:19,2024-09-23 14:32:11,4.63390000,2.78390000,A
2024-09-23 14:38:19,2024-09-23 14:38:11,4.67080000,2.82080000,A
2024-09-23 14:44:19,2024-09-23 14:44:11,4.69940000,2.84940000,A
2024-09-23 14:50:19,2024-09-23 14:50:11,4.73220000,2.88220000,A
2024-09-23 14:56:19,2024-09-23 14:56:11,4.75260000,2.90260000,A
2024-09-23 15:02:19,2024-09-23 15:02:11,4.77310000,2.92310000,A
2024-09-23 15:08:19,2024-09-23 15:08:11,4.78540000,2.93540000,A
2024-09-23 15:14:19,2024-09-23 15:14:11,4.79770000,2.94770000,A
2024-09-23 15:20:19,2024-09-23 15:20:11,4.79770000,2.94770000,A
2024-09-23 15:26:19,2024-09-23 15:26:11,4.77310000,2.92310000,A
2024-09-23 15:32:19,2024-09-23 15:32:11,4.75260000,2.90260000,A
2024-09-23 15:38:19,2024-09-23 15:38:11,4.71990000,2.86990000,A
2024-09-23 15:44:19,2024-09-23 15:44:11,4.68300000,2.83300000,A
2024-09-23 15:50:19,2024-09-23 15:50:11,4.64620000,2.79620000,A
2024-09-23 15:56:19,2024-09-23 15:56:11,4.61350000,2.76340000,A
2024-09-23 16:02:19,2024-09-23 16:02:11,4.57660000,2.72660000,A
2024-09-23 16:08:19,2024-09-23 16:08:11,4.53570000,2.68570000,A
2024-09-23 16:14:19,2024-09-23 16:14:11,4.49470000,2.64470000,A
2024-09-23 16:20:19,2024-09-23 16:20:11,4.45790000,2.60790000,A
2024-09-23 16:26:19,2024-09-23 16:26:11,4.41690000,2.56690000,A
2024-09-23 16:32:19,2024-09-23 16:32:11,4.37600000,2.52600000,A
2024-09-23 16:38:19,2024-09-23 16:38:11,4.33100000,2.48100000,A
2024-09-23 16:44:19,2024-09-23 16:44:11,4.29000000,2.44000000,A
2024-09-23 16:50:19,2024-09-23 16:50:11,4.24910000,2.39910000,A
2024-09-23 16:56:19,2024-09-23 16:56:11,4.20000000,2.35000000,A
2024-09-23 17:02:19,2024-09-23 17:02:11,4.15900000,2.30900000,A
2024-09-23 17:08:19,2024-09-23 17:08:11,4.11400000,2.26400000,A
2024-09-23 17:14:19,2024-09-23 17:14:11,4.07300000,2.22300000,A
2024-09-23 17:20:19,2024-09-23 17:20:11,4.02390000,2.17390000,A
2024-09-23 17:26:19,2024-09-23 17:26:11,3.98300000,2.13300000,A
2024-09-23 17:32:19,2024-09-23 17:32:11,3.93790000,2.08790000,A
2024-09-23 17:38:19,2024-09-23 17:38:11,3.89700000,2.04700000,A
2024-09-23 17:44:19,2024-09-23 17:44:11,3.85200000,2.00200000,A
2024-09-23 17:50:19,2024-09-23 17:50:11,3.79870000,1.94870000,A
2024-09-23 17:56:19,2024-09-23 17:56:11,3.77010000,1.92010000,A
2024-09-23 18:02:19,2024-09-23 18:02:11,3.73320000,1.88320000,A
2024-09-23 18:08:19,2024-09-23 18:08:11,3.69640000,1.84640000,A
2024-09-23 18:14:24,2024-09-23 18:14:11,3.65140000,1.80140000,A
2024-09-23 18:20:19,2024-09-23 18:20:11,3.61040000,1.76040000,A
2024-09-23 18:26:19,2024-09-23 18:26:11,3.57770000,1.72770000,A
2024-09-23 18:35:44,2024-09-23 18:32:11,3.54080000,1.69080000,A
2024-09-23 18:38:19,2024-09-23 18:38:11,3.51220000,1.66220000,A
2024-09-23 18:44:24,2024-09-23 18:44:11,3.47120000,1.62120000,A
2024-09-23 18:50:19,2024-09-23 18:50:11,3.43440000,1.58440000,A
2024-09-23 18:56:19,2024-09-23 18:56:11,3.40980000,1.55980000,A
2024-09-23 19:02:19,2024-09-23 19:02:11,3.37300000,1.52300000,A
2024-09-23 19:08:19,2024-09-23 19:08:11,3.34430000,1.49430000,A
2024-09-23 19:14:24,2024-09-23 19:14:11,3.31970000,1.46970000,A
2024-09-23 19:20:19,2024-09-23 19:20:11,3.29110000,1.44110000,A
2024-09-23 19:26:19,2024-09-23 19:26:11,3.25010000,1.40010000,A
2024-09-23 19:32:19,2024-09-23 19:32:11,3.24200000,1.39200000,A
2024-09-23 19:38:19,2024-09-23 19:38:11,3.25420000,1.40420000,A
2024-09-23 19:44:24,2024-09-23 19:44:11,3.25010000,1.40010000,A
2024-09-23 19:50:19,2024-09-23 19:50:11,3.31970000,1.46970000,A
2024-09-23 19:56:19,2024-09-23 19:56:11,3.34430000,1.49430000,A
2024-09-23 20:02:19,2024-09-23 20:02:11,3.37300000,1.52300000,A
2024-09-23 20:08:19,2024-09-23 20:08:11,3.38930000,1.53930000,A
2024-09-23 20:14:19,2024-09-23 20:14:11,3.42210000,1.57210000,A
2024-09-23 20:20:19,2024-09-23 20:20:11,3.45480000,1.60480000,A
2024-09-23 20:26:19,2024-09-23 20:26:11,3.48350000,1.63350000,A
2024-09-23 20:32:19,2024-09-23 20:32:11,3.52440000,1.67440000,A
2024-09-23 20:38:19,2024-09-23 20:38:11,3.56950000,1.71950000,A
2024-09-23 20:44:19,2024-09-23 20:44:11,3.61040000,1.76040000,A
2024-09-23 20:50:19,2024-09-23 20:50:11,3.65140000,1.80140000,A
2024-09-23 20:56:19,2024-09-23 20:56:11,3.69230000,1.84230000,A
2024-09-23 21:02:19,2024-09-23 21:02:11,3.73730000,1.88730000,A
2024-09-23 21:08:19,2024-09-23 21:08:11,3.79060000,1.94060000,A
2024-09-23 21:14:24,2024-09-23 21:14:11,3.83970000,1.98970000,A
2024-09-23 21:20:19,2024-09-23 21:20:11,3.89700000,2.04700000,A
2024-09-23 21:26:19,2024-09-23 21:26:11,3.95020000,2.10020000,A
2024-09-23 21:32:19,2024-09-23 21:32:11,4.01980000,2.16980000,A
2024-09-23 21:38:19,2024-09-23 21:38:11,4.07710000,2.22710000,A
2024-09-23 21:44:19,2024-09-23 21:44:11,4.14260000,2.29260000,A
2024-09-23 21:50:19,2024-09-23 21:50:11,4.20810000,2.35810000,A
2024-09-23 21:56:19,2024-09-23 21:56:11,4.26550000,2.41550000,A
2024-09-23 22:02:19,2024-09-23 22:02:11,4.33100000,2.48100000,A
2024-09-23 22:08:19,2024-09-23 22:08:11,4.41280000,2.56280000,A
2024-09-23 22:14:19,2024-09-23 22:14:11,4.47430000,2.62430000,A
2024-09-23 22:20:19,2024-09-23 22:20:11,4.53980000,2.68980000,A
2024-09-23 22:26:19,2024-09-23 22:26:11,4.61750000,2.76750000,A
2024-09-23 22:32:19,2024-09-23 22:32:11,4.69120000,2.84120000,A
2024-09-23 22:38:19,2024-09-23 22:38:11,4.76900000,2.91900000,A
2024-09-23 22:44:19,2024-09-23 22:44:11,4.84270000,2.99270000,A
2024-09-23 22:50:19,2024-09-23 22:50:11,4.91230000,3.06230000,A
2024-09-23 22:56:19,2024-09-23 22:56:11,4.96960000,3.11960000,A
2024-09-23 23:02:19,2024-09-23 23:02:11,5.05560000,3.20560000,A
2024-09-23 23:08:19,2024-09-23 23:08:11,5.14160000,3.29160000,A
2024-09-23 23:14:19,2024-09-23 23:14:11,5.20300000,3.35300000,A
2024-09-23 23:20:19,2024-09-23 23:20:11,5.26030000,3.41030000,A
2024-09-23 23:26:19,2024-09-23 23:26:11,5.32580000,3.47580000,A
2024-09-23 23:32:19,2024-09-23 23:32:11,5.37900000,3.52900000,A
2024-09-23 23:38:19,2024-09-23 23:38:11,5.45270000,3.60270000,A
2024-09-23 23:44:19,2024-09-23 23:44:11,5.51000000,3.66000000,A
2024-09-23 23:50:19,2024-09-23 23:50:11,5.57140000,3.72140000,A
2024-09-23 23:56:19,2024-09-23 23:56:11,5.62060000,3.77060000,A
2024-09-24 00:02:19,2024-09-24 00:02:11,5.68200000,3.83200000,A
2024-09-24 00:08:18,2024-09-24 00:08:11,5.73520000,3.88520000,A
2024-09-24 00:14:18,2024-09-24 00:14:11,5.78020000,3.93020000,A
2024-09-24 00:20:19,2024-09-24 00:20:11,5.83350000,3.98350000,A
2024-09-24 00:26:18,2024-09-24 00:26:11,5.87850000,4.02850000,A
2024-09-24 00:32:18,2024-09-24 00:32:11,5.89900000,4.04900000,A
2024-09-24 00:38:18,2024-09-24 00:38:11,5.93170000,4.08170000,A
2024-09-24 00:44:18,2024-09-24 00:44:11,5.98490000,4.13490000,A
2024-09-24 00:50:18,2024-09-24 00:50:11,6.04230000,4.19230000,A
2024-09-24 00:56:23,2024-09-24 00:56:11,6.08320000,4.23320000,A
2024-09-24 01:02:18,2024-09-24 01:02:11,6.12000000,4.27000000,A
2024-09-24 01:08:18,2024-09-24 01:08:11,6.14870000,4.29870000,A
2024-09-24 01:14:18,2024-09-24 01:14:11,6.18150000,4.33150000,A
2024-09-24 01:20:18,2024-09-24 01:20:11,6.19780000,4.34780000,A
2024-09-24 01:26:18,2024-09-24 01:26:11,6.23880000,4.38880000,A
2024-09-24 01:32:18,2024-09-24 01:32:11,6.25920000,4.40920000,A
2024-09-24 01:38:18,2024-09-24 01:38:11,6.29610000,4.44610000,A
2024-09-24 01:44:18,2024-09-24 01:44:11,6.29610000,4.44610000,A
2024-09-24 01:50:18,2024-09-24 01:50:11,6.33700000,4.48700000,A
2024-09-24 01:56:18,2024-09-24 01:56:11,6.34930000,4.49930000,A
2024-09-24 02:02:18,2024-09-24 02:02:11,6.33700000,4.48700000,A
2024-09-24 02:08:18,2024-09-24 02:08:11,6.36570000,4.51570000,A
2024-09-24 02:14:18,2024-09-24 02:14:11,6.35340000,4.50340000,A
2024-09-24 02:20:18,2024-09-24 02:20:11,6.32470000,4.47470000,A
2024-09-24 02:26:18,2024-09-24 02:26:11,6.29610000,4.44610000,A
2024-09-24 02:32:18,2024-09-24 02:32:11,6.25920000,4.40920000,A
2024-09-24 02:38:18,2024-09-24 02:38:11,6.23060000,4.38060000,A
2024-09-24 02:44:18,2024-09-24 02:44:11,6.19780000,4.34780000,A
2024-09-24 02:50:18,2024-09-24 02:50:11,6.13230000,4.28230000,A
2024-09-24 02:56:18,2024-09-24 02:56:11,6.09960000,4.24960000,A
2024-09-24 03:02:18,2024-09-24 03:02:11,6.07090000,4.22090000,A
2024-09-24 03:08:18,2024-09-24 03:08:11,6.00130000,4.15130000,A
2024-09-24 03:14:18,2024-09-24 03:14:11,5.97680000,4.12680000,A
2024-09-24 03:20:18,2024-09-24 03:20:11,5.93170000,4.08170000,A
2024-09-24 03:26:18,2024-09-24 03:26:11,5.87440000,4.02440000,A
2024-09-24 03:32:18,2024-09-24 03:32:11,5.82120000,3.97120000,A
2024-09-24 03:38:18,2024-09-24 03:38:11,5.77210000,3.92210000,A
2024-09-24 03:44:18,2024-09-24 03:44:11,5.71060000,3.86060000,A
2024-09-24 03:50:18,2024-09-24 03:50:11,5.65330000,3.80330000,A
2024-09-24 03:56:18,2024-09-24 03:56:11,5.56330000,3.71330000,A
2024-09-24 04:02:18,2024-09-24 04:02:11,5.51410000,3.66410000,A
2024-09-24 04:08:18,2024-09-24 04:08:11,5.42410000,3.57410000,A
2024-09-24 04:14:18,2024-09-24 04:14:11,5.39130000,3.54130000,A
2024-09-24 04:20:18,2024-09-24 04:20:11,5.33810000,3.48810000,A
2024-09-24 04:26:18,2024-09-24 04:26:11,5.22350000,3.37350000,A
2024-09-24 04:32:18,2024-09-24 04:32:11,5.20300000,3.35300000,A
2024-09-24 04:38:18,2024-09-24 04:38:11,5.13750000,3.28750000,A
2024-09-24 04:44:18,2024-09-24 04:44:11,5.07610000,3.22610000,A
2024-09-24 04:50:18,2024-09-24 04:50:11,5.00240000,3.15240000,A
2024-09-24 04:56:18,2024-09-24 04:56:11,4.93280000,3.08280000,A
2024-09-24 05:02:18,2024-09-24 05:02:11,4.85910000,3.00910000,A
2024-09-24 05:08:18,2024-09-24 05:08:11,4.79770000,2.94770000,A
2024-09-24 05:14:18,2024-09-24 05:14:11,4.73630000,2.88630000,A
2024-09-24 05:20:18,2024-09-24 05:20:11,4.66260000,2.81260000,A
2024-09-24 05:26:18,2024-09-24 05:26:11,4.60120000,2.75120000,A
2024-09-24 05:32:18,2024-09-24 05:32:11,4.53570000,2.68570000,A
2024-09-24 05:38:18,2024-09-24 05:38:11,4.47430000,2.62430000,A
2024-09-24 05:44:18,2024-09-24 05:44:11,4.41280000,2.56280000,A
2024-09-24 05:50:18,2024-09-24 05:50:11,4.34320000,2.49320000,A
2024-09-24 05:56:18,2024-09-24 05:56:11,4.29000000,2.44000000,A
2024-09-24 06:02:18,2024-09-24 06:02:11,4.23270000,2.38270000,A
2024-09-24 06:08:18,2024-09-24 06:08:11,4.17130000,2.32130000,A
2024-09-24 06:14:23,2024-09-24 06:14:11,4.10990000,2.25990000,A
2024-09-24 06:20:18,2024-09-24 06:20:11,4.05670000,2.20670000,A
2024-09-24 06:26:18,2024-09-24 06:26:11,3.99940000,2.14930000,A
2024-09-24 06:32:18,2024-09-24 06:32:11,3.94200000,2.09200000,A
2024-09-24 06:38:18,2024-09-24 06:38:11,3.89700000,2.04700000,A
2024-09-24 06:44:18,2024-09-24 06:44:11,3.83970000,1.98970000,A
2024-09-24 06:50:18,2024-09-24 06:50:11,3.78650000,1.93650000,A
2024-09-24 06:56:18,2024-09-24 06:56:11,3.73320000,1.88320000,A
2024-09-24 07:02:18,2024-09-24 07:02:11,3.69230000,1.84230000,A
2024-09-24 07:08:18,2024-09-24 07:08:11,3.64320000,1.79320000,A
2024-09-24 07:14:23,2024-09-24 07:14:11,3.59810000,1.74810000,A
2024-09-24 07:20:18,2024-09-24 07:20:11,3.55310000,1.70310000,A
2024-09-24 07:26:18,2024-09-24 07:26:11,3.49990000,1.64990000,A
2024-09-24 07:32:18,2024-09-24 07:32:11,3.45480000,1.60480000,A
2024-09-24 07:38:18,2024-09-24 07:38:11,3.40980000,1.55980000,A
2024-09-24 07:44:18,2024-09-24 07:44:11,3.36070000,1.51070000,A
2024-09-24 07:50:18,2024-09-24 07:50:11,3.31570000,1.46570000,A
2024-09-24 07:56:18,2024-09-24 07:56:11,3.27060000,1.42060000,A
2024-09-24 08:02:18,2024-09-24 08:02:11,3.22150000,1.37150000,A
2024-09-24 08:08:18,2024-09-24 08:08:11,3.17650000,1.32650000,A
2024-09-24 08:14:18,2024-09-24 08:14:11,3.12320000,1.27320000,A
2024-09-24 08:20:18,2024-09-24 08:20:11,3.07410000,1.22410000,A
2024-09-24 08:26:18,2024-09-24 08:26:11,3.02090000,1.17090000,A
2024-09-24 08:32:18,2024-09-24 08:32:11,2.97180000,1.12180000,A
2024-09-24 08:38:18,2024-09-24 08:38:11,2.91850000,1.06850000,A
2024-09-24 08:44:18,2024-09-24 08:44:11,2.87350000,1.02350000,A
2024-09-24 08:50:18,2024-09-24 08:50:11,2.82030000,0.97030000,A
2024-09-24 08:56:18,2024-09-24 08:56:11,2.77520000,0.92520000,A
2024-09-24 09:02:18,2024-09-24 09:02:11,2.72200000,0.87200000,A
2024-09-24 09:08:18,2024-09-24 09:08:11,2.67700000,0.82700000,A
2024-09-24 09:14:18,2024-09-24 09:14:11,2.63600000,0.78600000,A
2024-09-24 09:20:18,2024-09-24 09:20:11,2.59510000,0.74510000,A
2024-09-24 09:26:18,2024-09-24 09:26:11,2.55420000,0.70420000,A
2024-09-24 09:32:18,2024-09-24 09:32:11,2.51320000,0.66320000,A
2024-09-24 09:38:18,2024-09-24 09:38:11,2.47640000,0.62640000,A
2024-09-24 09:44:18,2024-09-24 09:44:11,2.44360000,0.59360000,A
2024-09-24 09:50:18,2024-09-24 09:50:11,2.41090000,0.56090000,A
2024-09-24 09:56:18,2024-09-24 09:56:11,2.39450000,0.54450000,A
2024-09-24 10:02:18,2024-09-24 10:02:11,2.36180000,0.51170000,A
2024-09-24 10:08:18,2024-09-24 10:08:11,2.33720000,0.48720000,A
2024-09-24 10:14:18,2024-09-24 10:14:11,2.31260000,0.46260000,A
2024-09-24 10:20:18,2024-09-24 10:20:11,2.28400000,0.43400000,A
2024-09-24 10:26:18,2024-09-24 10:26:11,2.27170000,0.42170000,A
2024-09-24 10:32:18,2024-09-24 10:32:11,2.25530000,0.40530000,A
2024-09-24 10:38:18,2024-09-24 10:38:11,2.23480000,0.38480000,A
2024-09-24 10:44:18,2024-09-24 10:44:11,2.21440000,0.36440000,A
2024-09-24 10:50:18,2024-09-24 10:50:11,2.21440000,0.36440000,A
2024-09-24 10:56:18,2024-09-24 10:56:11,2.19390000,0.34390000,A
2024-09-24 11:02:18,2024-09-24 11:02:11,2.17340000,0.32340000,A
2024-09-24 11:08:18,2024-09-24 11:08:11,2.17340000,0.32340000,A
2024-09-24 11:14:18,2024-09-24 11:14:11,2.15710000,0.30700000,A
2024-09-24 11:20:18,2024-09-24 11:20:11,2.13660000,0.28660000,A
2024-09-24 11:26:18,2024-09-24 11:26:11,2.13660000,0.28660000,A
2024-09-24 11:32:18,2024-09-24 11:32:11,2.12430000,0.27430000,A
2024-09-24 11:38:18,2024-09-24 11:38:11,2.12430000,0.27430000,A
2024-09-24 11:44:18,2024-09-24 11:44:11,2.09970000,0.24970000,A
2024-09-24 11:50:18,2024-09-24 11:50:11,2.09560000,0.24560000,A
2024-09-24 11:56:18,2024-09-24 11:56:11,2.09970000,0.24970000,A
2024-09-24 12:02:18,2024-09-24 12:02:11,2.13250000,0.28250000,A
2024-09-24 12:08:18,2024-09-24 12:08:11,2.21030000,0.36030000,A
2024-09-24 12:14:18,2024-09-24 12:14:11,2.27580000,0.42580000,A
2024-09-24 12:20:18,2024-09-24 12:20:11,2.35770000,0.50770000,A
2024-09-24 12:26:18,2024-09-24 12:26:11,2.43950000,0.58950000,A
2024-09-24 12:32:18,2024-09-24 12:32:11,2.53370000,0.68370000,A
2024-09-24 12:38:18,2024-09-24 12:38:11,2.63200000,0.78200000,A
2024-09-24 12:44:18,2024-09-24 12:44:11,2.73430000,0.88430000,A
2024-09-24 12:50:18,2024-09-24 12:50:11,2.84070000,0.99070000,A
2024-09-24 12:56:18,2024-09-24 12:56:11,2.93900000,1.08900000,A
2024-09-24 13:08:18,2024-09-24 13:08:11,3.13140000,1.28140000,A
2024-09-24 13:14:18,2024-09-24 13:14:11,3.19690000,1.34690000,A
2024-09-24 13:20:18,2024-09-24 13:20:11,3.26650000,1.41650000,A
2024-09-24 13:26:18,2024-09-24 13:26:11,3.33610000,1.48610000,A
2024-09-24 13:32:18,2024-09-24 13:32:11,3.39340000,1.54340000,A
2024-09-24 13:38:18,2024-09-24 13:38:11,3.45080000,1.60080000,A
2024-09-24 13:44:18,2024-09-24 13:44:11,3.51220000,1.66220000,A
2024-09-24 13:50:18,2024-09-24 13:50:11,3.56540000,1.71540000,A
2024-09-24 13:56:18,2024-09-24 13:56:11,3.63090000,1.78090000,A
2024-09-24 14:02:18,2024-09-24 14:02:11,3.68000000,1.83000000,A
2024-09-24 14:08:18,2024-09-24 14:08:11,3.74960000,1.89960000,A
2024-09-24 14:14:18,2024-09-24 14:14:11,3.81100000,1.96100000,A
2024-09-24 14:20:18,2024-09-24 14:20:11,3.87240000,2.02240000,A
2024-09-24 14:26:18,2024-09-24 14:26:11,3.93380000,2.08380000,A
2024-09-24 14:32:18,2024-09-24 14:32:11,3.99940000,2.14930000,A
2024-09-24 14:38:18,2024-09-24 14:38:11,4.06080000,2.21080000,A
2024-09-24 14:44:18,2024-09-24 14:44:11,4.12630000,2.27630000,A
2024-09-24 14:50:18,2024-09-24 14:50:11,4.19180000,2.34180000,A
2024-09-24 14:56:18,2024-09-24 14:56:11,4.24910000,2.39910000,A
2024-09-24 15:02:18,2024-09-24 15:02:11,4.30230000,2.45230000,A
2024-09-24 15:08:18,2024-09-24 15:08:11,4.36370000,2.51370000,A
2024-09-24 15:14:18,2024-09-24 15:14:11,4.41690000,2.56690000,A
2024-09-24 15:20:18,2024-09-24 15:20:11,4.47430000,2.62430000,A
2024-09-24 15:26:18,2024-09-24 15:26:11,4.53160000,2.68160000,A
2024-09-24 15:32:18,2024-09-24 15:32:11,4.57660000,2.72660000,A
2024-09-24 15:38:18,2024-09-24 15:38:11,4.62980000,2.77980000,A
2024-09-24 15:44:18,2024-09-24 15:44:11,4.67080000,2.82080000,A
2024-09-24 15:50:18,2024-09-24 15:50:11,4.71580000,2.86580000,A
2024-09-24 15:56:18,2024-09-24 15:56:11,4.75670000,2.90670000,A
2024-09-24 16:02:18,2024-09-24 16:02:11,4.79360000,2.94360000,A
2024-09-24 16:08:18,2024-09-24 16:08:11,4.83040000,2.98040000,A
2024-09-24 16:14:18,2024-09-24 16:14:11,4.85090000,3.00090000,A
2024-09-24 16:20:18,2024-09-24 16:20:11,4.89590000,3.04590000,A
2024-09-24 16:26:18,2024-09-24 16:26:11,4.90410000,3.05410000,A
2024-09-24 16:32:18,2024-09-24 16:32:11,4.92460000,3.07460000,A
2024-09-24 16:38:18,2024-09-24 16:38:11,4.93280000,3.08280000,A
2024-09-24 16:44:18,2024-09-24 16:44:11,4.93280000,3.08280000,A
2024-09-24 16:50:18,2024-09-24 16:50:11,4.93280000,3.08280000,A
2024-09-24 16:56:18,2024-09-24 16:56:11,4.93280000,3.08280000,A
2024-09-24 17:02:18,2024-09-24 17:02:11,4.90410000,3.05410000,A
2024-09-24 17:08:18,2024-09-24 17:08:11,4.87140000,3.02140000,A
2024-09-24 17:14:18,2024-09-24 17:14:11,4.83860000,2.98860000,A
2024-09-24 17:20:18,2024-09-24 17:20:11,4.81410000,2.96410000,A
2024-09-24 17:26:18,2024-09-24 17:26:11,4.78950000,2.93950000,A
2024-09-24 17:32:18,2024-09-24 17:32:11,4.74040000,2.89040000,A
2024-09-24 17:38:18,2024-09-24 17:38:11,4.71170000,2.86170000,A
2024-09-24 17:44:18,2024-09-24 17:44:11,4.66260000,2.81260000,A
2024-09-24 17:50:18,2024-09-24 17:50:11,4.62980000,2.77980000,A
2024-09-24 17:56:18,2024-09-24 17:56:11,4.59300000,2.74300000,A
2024-09-24 18:02:18,2024-09-24 18:02:11,4.53980000,2.68980000,A
2024-09-24 18:08:18,2024-09-24 18:08:11,4.53160000,2.68160000,A
2024-09-24 18:14:18,2024-09-24 18:14:11,4.49060000,2.64060000,A
2024-09-24 18:20:18,2024-09-24 18:20:11,4.42100000,2.57100000,A
2024-09-24 18:26:18,2024-09-24 18:26:11,4.41690000,2.56690000,A
2024-09-24 18:32:18,2024-09-24 18:32:11,4.33920000,2.48920000,A
2024-09-24 18:38:18,2024-09-24 18:38:11,4.32280000,2.47280000,A
2024-09-24 18:44:18,2024-09-24 18:44:11,4.29820000,2.44820000,A
2024-09-24 18:50:18,2024-09-24 18:50:11,4.24910000,2.39910000,A
2024-09-24 18:56:18,2024-09-24 18:56:11,4.22040000,2.37040000,A
2024-09-24 19:02:18,2024-09-24 19:02:11,4.19180000,2.34180000,A
2024-09-24 19:08:18,2024-09-24 19:08:11,4.15900000,2.30900000,A
2024-09-24 19:14:18,2024-09-24 19:14:11,4.10170000,2.25170000,A
2024-09-24 19:20:18,2024-09-24 19:20:11,4.10170000,2.25170000,A
2024-09-24 19:26:18,2024-09-24 19:26:11,4.04030000,2.19030000,A
2024-09-24 19:32:18,2024-09-24 19:32:11,4.01160000,2.16160000,A
2024-09-24 19:38:18,2024-09-24 19:38:11,3.99120000,2.14120000,A
